tag;nome;referencia;preco;fornecedor;marca;aplicacao
2878;ABRAÇADEIRA 14MM 89-108;89-108;11.00;;;
2841;CONEXÃO ENGATE RAPIDO T LATAL 06MM;6MM;12.00;;;
3067;FORD FAROL DA F4000 L/D;FD25R;250.00;;;FORD F-4000
3049;MANCHAO VD04 A FRIO DIAGONAL;VD04;15.10;;;
2783;TEE SALDAVEL DE 20MM;20MM;8.00;;;
4048;CABO FLEX SOLDA 450/750V 35MM2;;57.00;;;
3108;CAIXA DE VIDEA 16 - 20 X 20 PARA DESBASTE;;290.00;;;
3193;COMPRESSOR DE 3 PISTÃO 40 PÉS 175 PSI 425L 220V;;9788.00;;;
316;CONEXÃO ENGATE RAPIDO PLASTICO 8MM;PU 8MM;2.00;;;
4296;CONEXÃO HIDRAULICA SEDE PLANA 45º 1.1/4;1.11/16X1.1/4;193.00;;;
3111;LIMA ROTATIVA DE 12MM PARA RETIFICA;;100.00;;;
3298;"MB MANGUEIRA 7/8"" R5 [DIREÇÃO HIDRÁULICA]";MANGUERIA R5;161.30;;;MB (modelo a definir)
3303;PARAFUSO 16 X 150MM AÇO 10.9 COM PORCA FLANGEADA;16 X 150MM AÇO 10.9;14.00;;;
4087;RETENTOR RODA TRAS. EXTERNA HL 09/21;90313T0002;88.70;;;
1993;SILICONE ACETICO INCOLOR 50G UNIPEGA ( BISNAGA );;10.00;;;
3113;VIGA PERFIL I 152,4 X 5,89 A36 (111,6KG 6 MTS;150 X 18 KG/M;1467.00;;;
2390;ABRAÇADEIRA 14MM 108-120;108-120;11.50;;;
2391;ABRAÇADEIRA 14MM 127-140;127-140;13.00;;;
2384;ABRAÇADEIRA 14MM 13-19;13-19;6.70;;;
2385;ABRAÇADEIRA 14MM 19-27;19-27;6.50;;;
2386;ABRAÇADEIRA 14MM 25-38;25-38;7.50;;;
2387;ABRAÇADEIRA 14MM 38-51;38-51;7.50;;;
2388;ABRAÇADEIRA 14MM 51-64;51-64;8.50;;;
2389;ABRAÇADEIRA 14MM 70-89;70-89;10.00;;;
2877;ABRAÇADEIRA 14MM 80-100;80-100;12.00;;;
563;ABRAÇADEIRA 32MM 149-161;149-161;45.00;;;
1469;ABRAÇADEIRA AÇO CARBONO;25-38;4.54;;;
4374;ABRAÇADEIRA DE AÇO 64-83;64-83;6.70;;;
4004;ABRAÇADEIRA PLASTICA 200X3,5MM;;1.39;;;
2379;ABRAÇADEIRA PLASTICA 300X4,8MM;300X4,8MM;42.44;;;
344;ABRAÇADEIRA PLASTICA 530X9MM;;132.00;;;
4370;ADAPTADOR MACHO;ORFS X UNF 12-12 1.3/16;60.00;;;
2857;ADAPTADOR MACHO/FEMEA 16MM X 22MM;16MM X 22MM;17.50;;;
2754;ADESIVO ALTA TEMPERATURA 850 ALTA TEMPERATURA;850 ALTA TEMPERATURA ATE 235C;12.46;;;
1992;ADESIVO EPÓXI ARALDITE;TEKBOND;36.00;;;
4174;ADESIVO HIBRIDO PARABRISAS 280ML;;49.90;;;
1226;ADESIVO INSTANTANEO VISC MEDIO 20G;;11.00;;;
488;ADESIVO PARA LONA DE FREIO;3M;9.08;;;
490;ADESIVO PLASTICO PARA PVC 75G;TIGRE;13.13;;;
497;ADESIVO REPARADOR DE PARA-CHOQUES;CHOQUE;127.00;;;
1227;ADESIVO SILICONE 598 BLACK 70G;ADESIVO;87.00;;;
445;ADESIVO TRAVA ROSCA;452426;12.00;;;
790;ADITIVO CAT ELC PREMIX;2154246;55.43;;;
74;ADITIVO PARA RADIADOR CAMINHÃO;ADITIVO1;17.50;;;
222;ADTIVO VOLVO 20L;22567335;74.20;;;
1460;AGULHA PARA APLICAÇÃO DE REPARO;BORRACHARIA;56.11;;;
1107;ALAVANCA PARA CHAVE DE RODA;MÃO DE FORÇA;205.00;;;
1260;ALICATE ANEL EXTERNO BICO RETO;8000J2;47.12;;;
2091;ALICATE ANEL EXTERNO PONTA CURVA;8000A21;47.12;;;
962;"ALICATE DE PRESSÃO 10"" GEDORE";ALICATE DE P;50.55;;;
2374;ALICATE DECAPADOR DE FIO ELETRICO;"8"" 96-230 (STANLEY)";135.00;;;
2233;"ALICATE TRAVA INTERNO 7"" CURVO";J21;47.12;;;
2234;"ALICATE TRAVA INTERNO 7"" RETO";J2;47.12;;;
2106;"ALICATE UNIVERSAL 8"" GEDORE";"8"" GEDORE";39.83;;;
1848;ALMOTOLIA STARFER BICO FLEX;2850;36.00;;;
916;ANEL DE AJUSTE ROLAMENTO ALTERNADO;ETE 75243;10.00;;;
3054;ANEL DE VEDAÇÃO COM GUIA PARA VASO SANITARIO;VASO SANITATIO;15.00;;;
1473;ANEL DE VEDAÇÃO PARA PNEU 20,5 17,5;OR25TU;36.72;;;
4164;ANEL DE VEDAÇÃO PARA PNEUS OR-25-TU;OR25TU;32.87;;;
4165;ANEL DE VEDAÇÃO PARA PNEUS OR325T;OR325T;99.00;;;
3230;ANEL SINCRONIZADO 1º, 2º, 3º E 4º 2324K;14330271;704.72;;;
786;ANTENA DIGITAL COM RECEPTOR;ANTENA;620.00;;;
3357;ANTI-RESPINGO DE SOLDA SPRAY PARA MIG;7895678098403;39.00;;;
1690;APLICADOR DE SILICONE;1789;21.50;;;
1509;AR CONDICIONADO ELETRICO AUTOMOTIVO;DS600033;4800.00;;;
954;ARAME MIG AC 1.0 ROLO 15KG;1.0;430.00;;;
4026;ARRUELA DE VEDAÇÃO DE ALUMINIO 10X14X1;;30.00;;;
4030;ARRUELA DE VEDAÇÃO DE ALUMINIO 12X16X1 5MM;;47.00;;;
4028;ARRUELA DE VEDAÇÃO DE ALUMINIO 14 3X20X1 5;;65.00;;;
4027;ARRUELA DE VEDAÇÃO DE ALUMINIO 16X22X1 5MM;;72.00;;;
4029;ARRUELA DE VEDAÇÃO DE ALUMINIO 8X12X1 5MM;;28.00;;;
1111;ASSENTO SANIT.IDEALE BRANCO HERC;VASO;45.00;;;
3341;AUTOMÁTICO AUXILIAR DE PARTIDA 12V;ZM 3-407;155.00;;;
1850;BARRA FERRO REDONDA 1/2X3MT;1530;56.84;;;
3089;BARRA ROSCADA ZINCADA 1/2;;16.65;;;
1837;BATEIRA PARA MASCARA DE SOLDA 3V C;DSM71193;14.70;;;
812;BATERIA 100AMP;BATERIA100;824.20;;;
810;BATERIA 150AMP;BATERIA150;1090.70;;;
1765;BATERIA 65AMP;65AMP;521.00;;;
1151;BATERIA ACDELCO 75AMP;75AMP;635.00;;;
1846;"BEDAME 3/4"" 50%";3/4 X 1/8 X;100.00;;;
1851;BICO DE CORTE OXI/GLP Nº4;2731;60.00;;;
1852;BICO DE CORTE OXI/GLP Nº6;2732;60.00;;;
1853;BICO DE CORTE OXI/GLP Nº8;2587;60.00;;;
847;BICO DE ENGRAXADEIRA PNEUMATICA NOVE54;15151;17.00;;;
4271;BICO DUPLO ANGULAR DE PNEU;SCH 0712;41.00;;;
2383;BICO PARA ENCHER PNEU RETO;1295SER;40.79;;;
2693;BICO PARA PNEU SEM CAMARA CARREGADEIRA;TR-618A RETA;58.00;;;
842;BICO PARA PNEU SEM CAMARA R34561-313;R34561-313;17.50;;;
1774;BICO PULVERIZADOR BOTAO ALUM. LUBE;5994;38.00;;;
3057;BICO VALVULA JUMBO PARA PNEU SEM CAMARA;TRJ651;53.08;;;
1842;"BITS 50% COBALTO C 3/8X4"" HARDSTEE";HS-419;105.00;;;
2052;BLOCO COLORIDO ADESIVO;2052;22.50;;;
1694;"BLOCO VOLUMETRICO 1"" X 1"" 12A TRANSFERENCIA DE COMBUSTUVEL";1123;3770.00;;;
2307;BOCAL PARA LAMPADA (SOQUETE) E-27;(SOQUETE) E-27;3.61;;;
2098;BOIA CAIXA D'AGUA SENSOR DE NIVEL;2022184;48.50;;;
1589;"BOMBA DE ENGRENAGEM 11/2""";;4200.00;;;
1956;BOMBA DE GRAXA MANUAL 8KG;8KG;599.00;;;
4119;BOMBA DE ÓLEO DO MOTOR L200 91/11 L300 95/11 PAJERO 90/93;L2511900B / 54864268;1237.00;;;MITSUBISHI L200
1525;BOMBA PNEUMATICA DE GRAXA 200KG CO;B280.0001;2991.00;;;
1201;BOMBA SUBMERSA 1,5CV 220V;87600794-00;1529.91;;;
589;BONECA ENGATE BOCA DE LOBO COM PORCA;33266;725.00;;;
1248;BORRACHA P/ LAPIS PONTEIRA BRANCA;ESCRITORIO;3.50;;;
2054;BOTÃO DA BUZINA UNIVERSAL;IM-11.039/S;9.07;;;
4281;BOTÃO PULSADOR VERMELHO SEM TRAVA;R13-507;10.00;;;
2111;BROCA DE AÇO RAPIDO 6MM;RAPIDO 6MM;6.65;;;
2110;BROCA DE AÇO RAPIDO 8MM;RAPIDO 8MM;17.00;;;
365;BUCHA BIPARTIDA COM TUBO DO OLHAL;R-619;12.00;;;
1317;BUCHA COM TUBO DO OLHAL AMORTECEDO;R-750;41.06;;;
57;BUZINA A AR 2 CORNETAS 24V VT044;VT044;110.00;;;
72;BUZINA VETOR UNIVERSAL 24V VT113;VT113;42.38;;;
3367;CABECOTE FILTRO RACOR 4 FUROS 14MM;032412401;132.22;;;
3218;CABO 50MM 750V AZUL (SIL);50MM 750V;58.50;;;
1453;CABO ACIONA/FECH PORTA DIANTEIRA E;50133;9.54;;;
2457;"CABO DE AÇO 1"" POLEGADA";"25.40MM AFP 6X25 1""";110.00;;;
1840;CABO PARA BATERIA 16MM;215855;15.56;;;
2058;CABO PP 2X1MM;2X1MM;4.13;;;
3101;CABO PP 4X1MM;4X1MM;7.00;;;
2059;CABO PP 7X1MM;7X1MM;3.55;;;
825;CADASTRAR;61064;716.50;;;
2371;CADEADO Nº40;N40;35.55;;;
1383;CADEADO PADO Nº30MM;N°30MM;20.00;;;
393;CADEADO PADO Nº50MM;25DC;42.54;;;
1112;CAIXA DE DESCARGA;C17/S*BR1;46.00;;;
1494;CAIXA DE FERRAMENTAS 7 GAVETAS 50C;CAIXA FER;220.00;;;
2672;CAIXA DESC.C17/S BR1 S/ENGATE ASTRA;;46.00;;;
599;CALIBRADOR DE PNEUS RETO ANGULAR15;R7188CI;79.00;;;
822;CAMARA 1000X20 TC-131 TORTUGA;1000X20;163.37;;;
2198;CAMARA 20.5-25 TRJ1175C CARREGADEIRA;TRJ1175C;451.83;;;
1461;CAMARA 295/80R22 TR - 462 PEGASUS;;137.00;;;
1610;CAMARA 3,25X8 CARRINHO DE MÃO;3561;20.00;;;
1337;CAMARA 7.50 R16/7.00 R16 SC95;7.50X16;68.01;;;
450;CAMARA DE AR 1100X22 TC131;1100X22;163.37;;;
4272;CÂMARA DE AR CARRINHO DE MÃO TR-13;3.00/3,25-8. TR-13;17.00;;;
3047;CAMARA DE AR CL1416 VALVULA TR460;L1416 VALVULA TR460;40.00;;;
1499;CAMARA DE AR PGS LT 1616 TR 13 - H;PGSLT1616TR1;189.00;;;
1616;CAMARA DE AR SKIDDER 30.5X32;TR218A;569.00;;;
3216;CANETA MAÇARICO DE CORTE 3 CANOS;15280601;547.00;;;
2053;CANETA AZUL;CANETA;1.20;;;
1177;CANETA ESFEROGRAFICA;;1.60;;;
1312;CAP 3/4;03310-12;30.00;;;
1311;CAPA 1 1/4;03310-20;50.00;;;
2824;CAPACITOR 30UF 250V;30UF 250V;30.00;;;
2823;CAPACITOR 5UF 250V;5UF 250V;15.00;;;
2036;CARBIDE 010 G-16 (D 100X38) FURO 14MM;100X38;139.37;;;
3090;CARCAÇA FILTRO LUBRIFICANTE MOTOR ATEGO 1726;A9061801710;1778.00;;;MB ATEGO 1726
121;CAROTE 5L;;5.00;;;
2612;CARREGADOR DE BATERIA 150A;CK24A100;2437.00;;;
1452;CASTANHA RODA CARRETA;K700;18.92;;;
3129;CAT BOLSA DE AR DO BANCO WEILER S250 545C;192-7810 / S9383;1229.00;;;CAT 545C
50;CAT FILTRO DE AR SECUNDARIO AF100;AF1009;132.00;;;CAT (modelo a definir)
7;CAT FILTRO DO SEPARADOR DE ÁGUA 140GC - D5 - WEILER;439-5037;197.00;;;CAT D5
2317;CAT MOTOR SPEED SENSOR - D5;515-5462;4189.10;;;CAT D5
3312;CAT PARAFUSO M20 X 2.5 X 80;213-5007;61.00;;;CAT (modelo a definir)
4009;CAT VLVULA SELENOID D5;437-2846;3.97;;;CAT D5
2676;CAT ABRAÇADEIRA DA TURBINA - D6N;216-4983;64.00;;;CAT D6N
2675;CAT ABRAÇADEIRA DO MANGOTE DA TURBINA - D6N;215-4012;64.00;;;CAT D6N
4333;CAT ADAPTADOR EM TÊ LATERAL DE 11/16 POL X 7/16 POL;377-9554;1700.00;;;CAT (modelo a definir)
1659;CAT ADAPTADOR T 1 3/16 POL - 938K;6V-9160;1600.00;;;CAT 938K
1085;CAT ADITIVO \PC-938K;U-9891;366.25;;;CAT 938K
215;CAT ADITIVO HIDRAULICO;624-3379;285.44;;;CAT (modelo a definir)
2750;CAT ADITIVO HIDRAULICO;622-3149;805.00;;;CAT (modelo a definir)
824;CAT ADITIVO PARA RADIADOR;215-4246;72.95;;;CAT (modelo a definir)
2478;CAT ALOJAMENTO DO FILTRO HIDRAULICO - 938K;421-5482;2779.00;;;CAT 938K
3398;CAT ALTERNADOR 545C D6N;177-9953;2800.00;;;CAT D6N
4301;CAT ALTERNADOR 938K;385-1812;1642.00;;;CAT 938K
3381;CAT AMORTECEDOR DO ASSENTO DO BANCO 120H;8Y-5965;1477.00;;;CAT 120H
3317;CAT AMORTECEDOR DO BANCO;567-4030;928.00;;;CAT (modelo a definir)
1530;CAT ANEL - TE D6N;2K2961;6.00;;;CAT D6N
1539;CAT ANEL - TE D6N;1K7095;3.00;;;CAT D6N
2354;CAT ANEL 140GC;596-8020;29.08;;;CAT 140GC
4339;CAT ANEL 140GC;545-8102;85.73;;;CAT 140GC
4337;CAT ANEL 140GC;545-8101;42.86;;;CAT 140GC
2323;CAT ANEL 938K;367-0568;235.53;;;CAT 938K
2324;CAT ANEL 938K;365-1293;440.39;;;CAT 938K
2325;CAT ANEL 938K;365-1292;409.22;;;CAT 938K
2334;CAT ANEL 938K;367-0574;825.74;;;CAT 938K
2319;CAT ANEL 938K;135-7935;128.20;;;CAT 938K
2992;CAT ANEL 938K D6N;7J-9108;17.00;;;CAT D6N
2738;CAT ANEL D5 - COMANDO FINAL;421-4024;258.45;;;CAT D5
2730;CAT ANEL D5 - COMANDO FINAL;6F-6673;21.40;;;CAT D5
2734;CAT ANEL D5 - COMANDO FINAL;8T-4958;99.68;;;CAT D5
2733;CAT ANEL D5 - COMANDO FINAL;4J-3745;267.51;;;CAT D5
2736;CAT ANEL D5 - COMANDO FINAL;175-7902;56.04;;;CAT D5
2726;CAT ANEL D5 - COMANDO FINAL;2S-4078;22.50;;;CAT D5
2732;CAT ANEL D5 - COMANDO FINAL;1K-7095;5398.00;;;CAT D5
2728;CAT ANEL D5 - COMANDO FINAL;3K-0360;12.98;;;CAT D5
2731;CAT ANEL D5 - COMANDO FINAL;2R-0098;140.11;;;CAT D5
2751;CAT ANEL D5 D6N;109-0959;99.00;;;CAT D6N
2975;CAT ANEL DA BOMBA D'AGUA 140GC D6N;225-7738;78.00;;;CAT D6N
2998;CAT ANEL DE DESGASTE 938K;343-8050;120.00;;;CAT 938K
3320;CAT ANEL DE DESGASTE D6N;343-8053;0.00;;;CAT D6N
3002;CAT ANEL DE ENCOSTO 545C;4J-9224;50.00;;;CAT 545C
2990;CAT ANEL DE ENCOSTO D6N;1S-0669;88.00;;;CAT D6N
1603;CAT ANEL DE ENCOSTO DE BORRACHA D5 D6N;2K-6830;80.00;;;CAT D6N
1430;CAT ANEL DE RETENÇÃO;5P-9928;2077.59;;;CAT (modelo a definir)
3011;CAT ANEL DE RETENÇÃO;5L-4751;100.00;;;CAT (modelo a definir)
3001;CAT ANEL DE RETENÇÃO;8T-9599;78.00;;;CAT (modelo a definir)
1429;CAT ANEL DE RETENÇÃO BALANÇA PARALELA 938K;355-9797;185.00;;;CAT 938K
2352;CAT ANEL DE VEDAÇÃO 140GC;596-8010;32.57;;;CAT 140GC
2351;CAT ANEL DE VEDAÇÃO 140GC;596-9630;9.85;;;CAT 140GC
2349;CAT ANEL DE VEDAÇÃO 140GC;596-8013;18.02;;;CAT 140GC
4359;CAT ANEL DE VEDAÇÃO AJUSTADOR D6N;2S-4078;15.80;;;CAT D6N
2720;CAT ANEL DE VEDAÇÃO D5 - COMANDO FINAL;460-4832;514.23;;;CAT D5
2737;CAT ANEL DE VEDAÇÃO D5 - COMANDO FINAL;231-3538;288.91;;;CAT D5
2739;CAT ANEL DE VEDAÇÃO D5 - COMANDO FINAL;495-8197;367.16;;;CAT D5
4348;CAT ANEL DE VEDAÇÃO O-RING ESTEIRA D6N;2J-6274;8.41;;;CAT D6N
677;CAT ANEL DE VEDAÇÃO PARA PNEU 25TU CARREGADEIRA;OR25TU / OR88T;36.90;;;CAT (modelo a definir)
1431;CAT ANEL DO RETENTOR BALANÇA 938K;4F-9652;8.00;;;CAT 938K
2744;CAT ANEL MANGUEIRA CELTRA 938K;1P-3703;22.91;;;CAT 938K
2745;CAT ANEL MANGUEIRA CENTRAL 938K;1P-3704;26.71;;;CAT 938K
4324;CAT ANEL O-RING GARRAFA DE INCLINAÇÃO 938K PU DE 80 A DE 5 X 120 MM;340-9323;67.64;;;CAT 938K
3266;CAT ANEL ORING 140GC;9M-2092;2.30;;;CAT 140GC
3007;CAT ANEL ORING D5 545C;2K-4096;80.00;;;CAT D5
2500;CAT ANEL ORING VEDAÇÃO 545C;8T-2361;13.00;;;CAT 545C
2503;CAT ANEL ORING VEDAÇÃO 545C;7J-0204;9.80;;;CAT 545C
2506;CAT ANEL ORING VEDAÇÃO 545C;4K-1388;20.00;;;CAT 545C
2508;CAT ANEL ORING VEDAÇÃO 545C;3J-7354;13.00;;;CAT 545C
2499;CAT ANEL ORING VEDAÇÃO 545C;5K-9090;15.00;;;CAT 545C
2498;CAT ANEL ORING VEDAÇÃO 545C;8T-2360;13.00;;;CAT 545C
2504;CAT ANEL ORING VEDAÇÃO 545C;6V-5722;8.50;;;CAT 545C
2505;CAT ANEL ORING VEDAÇÃO 545C;126-5985;45.00;;;CAT 545C
2497;CAT ANEL ORING VEDAÇÃO 545C;6E-0358;20.00;;;CAT 545C
2494;CAT ANEL ORING VEDAÇÃO 545C;4J-5140;16.00;;;CAT 545C
2495;CAT ANEL ORING VEDAÇÃO 545C;3H-0442;8.00;;;CAT 545C
2496;CAT ANEL ORING VEDAÇÃO 545C;4J-5267;19.00;;;CAT 545C
2501;CAT ANEL ORING VEDAÇÃO 545C;1P-7363;13.00;;;CAT 545C
2507;CAT ANEL ORING VEDAÇÃO 545C;126-5984;44.00;;;CAT 545C
2502;CAT ANEL ORING VEDAÇÃO 545C;4T-7807;12.00;;;CAT 545C
2493;CAT ANEL ORING VEDAÇÃO 545C;4D-9986;16.00;;;CAT 545C
2475;CAT ANEL REDENTOR EM O - D6N;326-7289;103.00;;;CAT D6N
2479;CAT ANEL REDENTOR EM O - D6N;277-5064;72.00;;;CAT D6N
1516;CAT ANEL RETENTOR - PC 938K;367-0579;41.23;;;CAT 938K
3030;CAT ANEL RETENTOR 140GC;4D-6695;10.00;;;CAT 140GC
3000;CAT ANEL RETENTOR 938K;340-9312;56.00;;;CAT 938K
2410;CAT ANEL RETENTOR 938K;4F-8824;55.00;;;CAT 938K
2409;CAT ANEL RETENTOR 938K;3D-2824;24.00;;;CAT 938K
2408;CAT ANEL RETENTOR D6N - 938K;6V-9746;22.00;;;CAT D6N
3268;CAT ANEL RETENTOR DE METAL 140GC;2G-8741;30.00;;;CAT 140GC
3257;CAT ANEL RETENTOR DO CONVERSOR DE TORQUE D6N;5P-9806;13.00;;;CAT D6N
4335;CAT ANEL RETENTOR EM O 140GC;544-3698;36.62;;;CAT 140GC
4336;CAT ANEL RETENTOR EM O MAIOR 140GC;544-3697;29.21;;;CAT 140GC
2717;CAT ANEL ROTULA DA PONTA DA BALANÇA D6N D5;1J-6472;6.00;;;CAT D6N
3270;CAT ANEL TEFFLON 140GC;2G-8777;107.20;;;CAT 140GC
2627;CAT ANEL TRAVA - D6N;8T-7567;8.00;;;CAT D6N
3265;CAT ANEL TRAVA 140GC;2R-1230;0.90;;;CAT 140GC
2628;CAT ANEL TRAVA D6N;153-311;6.00;;;CAT D6N
3309;CAT ARMAÇÃO DO RETROVISOR LD 938K;649-5220;1031.00;;;CAT 938K
3308;CAT ARMAÇÃO DO RETROVISOR LE 938K;649-5219;1031.00;;;CAT 938K
3314;CAT ARRUELA;8T-4121;25.00;;;CAT (modelo a definir)
2974;CAT ARRUELA D6N 140GC;6V-8237;20.00;;;CAT D6N
2359;CAT ARRUELA 140GC;518-4409;0.61;;;CAT 140GC
2989;CAT ARRUELA 140GC;6G-3206;189.00;;;CAT 140GC
4342;CAT ARRUELA 140GC;545-8094;5.70;;;CAT 140GC
2342;CAT ARRUELA 938K;365-1287;128.58;;;CAT 938K
2346;CAT ARRUELA 938K;367-0578;372.39;;;CAT 938K
2714;CAT ARRUELA D5 - COMANDO FINAL;7X-0587;29.68;;;CAT D5
3271;CAT ARRUELA DE ENCOSTO 140GC;2G-8615;18.00;;;CAT 140GC
3272;CAT ARRUELA DE ENCOSTO 140GC;2G-8615;19.50;;;CAT 140GC
1972;CAT ARRUELA DE ENCOSTO DA BALANÇA 938K;507-6751;80.00;;;CAT 938K
2406;CAT ARRUELA DE ENCOSTO EIXO COMANDO D5;232-3666;412.45;;;CAT D5
4247;CAT ARRUELA DE ENCOSTO EIXO DIANTEIRO;2G-8626;22.47;;;CAT (modelo a definir)
2973;CAT ARRUELA DE VEDAÇÃO 140GC / D6N;232-3149;40.00;;;CAT D6N
3018;CAT ARRUELA DE VEDAÇÃO 938K;247-4928;80.00;;;CAT 938K
3326;CAT ARRUELA DE VEDAÇÃO DO INJETOR D6;287-7637;34.51;;;CAT D6
1432;CAT ARRUELA DO ENCOSTO BALANÇA 938K;467-0998;40.00;;;CAT 938K
3333;CAT ARRUELA DURA 938K;430-2987;0.00;;;CAT 938K
4130;CAT AUTOMATICO DE PARTIDA 24V 37MT 545C;ZM-360;615.00;;;CAT 545C
1397;CAT BASE TAMPA CABEÇOTE D6N;317-2717;8313.00;;;CAT D6N
3174;CAT BLADE A (PALHETA DO LIMPADOR) – D5;6V-5851;22.00;;;CAT D5
3318;CAT BOLSA DE AR DO BANCO 938K;424-5304;3100.00;;;CAT 938K
1574;CAT BOMBA D'ÁGUA - D6N - D5 - WEILER S250;485-4895;4897.00;;;CAT D6N
4310;CAT BOMBA D'ÁGUA 545C;3522109;1650.00;;;CAT 545C
4107;CAT BOMBA D'AGUA 930T MOTOR 3304;1727767 / 876268;1506.74;;;CAT 930T
3340;CAT BOMBA D6N;368-9171;0.00;;;CAT D6N
2455;CAT BOMBA DE ALTA D6N;317-8021;0.00;;;CAT D6N
1388;CAT BOMBA DE TRANSFERENCIA D6N;426 4806;2266.00;;;CAT D6N
1268;CAT BOMBA DO LIMPADOR DE PARABRISA;583-6255;58.76;;;CAT (modelo a definir)
2014;CAT BOMBA ESGUICHO PARABRISA 938K;WPH02;60.00;;;CAT 938K
2452;CAT BOMBA GP - 545C;20R-1649;6839.00;;;CAT 545C
2312;CAT BOMBA GP-GR A - D5;643-1531;10635.62;;;CAT D5
687;CAT BORDA CORTANTE 3/4 15 FUROS MOTONIVELADORA 140GC;7D-1577;830.00;;;CAT 140GC
4234;CAT BORDA CORTANTE D6G;4T-3013;0.00;;;CAT D6G
2197;CAT BORDA CORTANTE D6N;3G-4282;600.00;;;CAT D6N
3388;CAT BORDA CORTANTE MOTONIVELADORA 120H;5D-9553 / 5D-9558;750.00;;;CAT 120H
3297;CAT BORRACHA DO MODULO;155-0576;12.00;;;CAT (modelo a definir)
3016;CAT BOTÃO 545;289-8627;210.00;;;CAT (modelo a definir)
2988;CAT BUCHA 140GC;218-4406;220.00;;;CAT 140GC
3387;CAT BUCHA 140GC;597-4239;1919.00;;;CAT 140GC
1428;CAT BUCHA BALANÇA 938K;355-9714;155.00;;;CAT 938K
3168;CAT BUCHA BARRA EQUALIZADORA D5 D6N;7P-6596;108.00;;;CAT D6N
2949;CAT BUCHA CENTRO DA BALANÇA 545C;328-6271;3500.00;;;CAT 545C
3014;CAT BUCHA D6N;233-6825;320.00;;;CAT D6N
1433;CAT BUCHA DA BALANÇA 938K;320-5177;105.00;;;CAT 938K
1991;CAT BUCHA DA LAMINA - MN 140GC;535-8193;204.00;;;CAT 140GC
3122;CAT BUCHA DA PONTA DO H 938K;347-8175;265.00;;;CAT 938K
4169;CAT BUCHA DO ROLAMENTO TIPO LUVA;5M3320;30.00;;;CAT (modelo a definir)
3170;CAT BUCHA DO TRUCK – D6N;221-3202;99.00;;;CAT D6N
3171;CAT BUCHA DO TRUCK (MAIOR) D6N;221-3197;306.50;;;CAT D6N
3263;CAT BUCHA GRUPO TREM DE FORÇA 140GC;146-1842;110.00;;;CAT 140GC
2727;CAT BUJÃO D5 - COMANDO FINAL;6V-0439;371.03;;;CAT D5
3096;CAT CABEÇOTE DO FILTRO DE COMBUSTIVEL D6N;217-8339;1790.00;;;CAT D6N
3006;CAT CALÇO;76086820 / 76086821;15.00;;;CAT (modelo a definir)
2348;CAT CALÇO 140GC;596-8024;33.59;;;CAT 140GC
3249;CAT CALÇO 140GC;545-8087;77.80;;;CAT 140GC
3248;CAT CALÇO 140GC;545-8086;66.63;;;CAT 140GC
3247;CAT CALÇO 140GC;545-8085;83.90;;;CAT 140GC
3393;CAT CALÇO 140GC;534-6354;64.00;;;CAT 140GC
3390;CAT CALÇO 140GC;431-4596;18.75;;;CAT 140GC
4326;CAT CALÇO 140GC;596-8008;19.03;;;CAT 140GC
752;CAT CALÇO CIRCULAR DA BARRA DE TRAÇÃO 140GC;535-8194;14.00;;;CAT 140GC
4341;CAT CALÇO DO BRAÇO DE LEVANTAMENTO DA LÂMINA COM 2 MM 140GC;545-8090;51.21;;;CAT 140GC
4340;CAT CALÇO DO GARFO DA ARMAÇÃO FRONTAL COM 2 MM 140GC;545-8088;67.04;;;CAT 140GC
462;CAT CALÇO RODA GUIA FRONTAL D6N;7M-1848;15.00;;;CAT D6N
1386;CAT CALÇO TIRA DE DESGASTE BRONZE/TECNIL 140GC;128-9654;9.60;;;CAT 140GC
458;CAT CALÇO TIRA DE NYLON;1289654/C;36.90;;;CAT (modelo a definir)
1526;CAT CALÇO TIRA MEIA LUA DE BRONZE;6G4525 / 128-9656;172.27;;;CAT (modelo a definir)
1298;CAT CANTO LAMINA TRATOR ESTEIRA LD D6N;8E-9379;330.00;;;CAT D6N
1267;CAT CANTO LAMINA TRATOR ESTEIRA LE D6N;8E-9378;330.00;;;CAT D6N
2065;CAT CAPA DO ROLAMENTO COMANDO TAMPA PLANETARIA - D6N D5;1B-3978;644.98;;;CAT D6N
2983;CAT CAPA ROL DA POLIA 545C;4W-1203;38.00;;;CAT 545C
2067;CAT CAPA ROLAMENTO ARTICULAÇÃO CENTRAL 938K;7H-4566;388.00;;;CAT 938K
2712;CAT CAPA ROLAMENTO D5 - COMANDO FINAL;6V-0327;1048.42;;;CAT D5
2723;CAT CAPA ROLAMENTO D5 - COMANDO FINAL;6V-0330;632.01;;;CAT D5
2490;CAT CARDANZINHO - 545C;294-8634;4900.00;;;CAT 545C
2610;CAT CHAVE DE PARTIDA - D6N 545C;467-8535;296.00;;;CAT D6N
3370;CAT CHAVE GERAL 545C, 938K, 140GC, 250S;7N-0718;164.84;;;CAT 938K
3173;CAT COMPRESSOR (COMPRESSOR DO AR-CONDICIONADO) - D6N / D5;501-1179;1644.25;;;CAT D6N
2224;CAT COMPRESSOR AR CONDICIONADO WEILER 250;DI104127;2099.00;;;CAT (modelo a definir)
3194;CAT CONDENSADOR D6N;1997698;2455.00;;;CAT D6N
2407;CAT CONECTOR 2 PINO;102-8802;197.00;;;CAT (modelo a definir)
3316;CAT CONECTOR PARA BOMBA DE ALTA 2 PINO;230-4011;54.84;;;CAT (modelo a definir)
2689;CAT CONJ CHICOTE DO MOTOR - D6N;304-5166;16637.00;;;CAT D6N
2976;CAT CONJUNTO ADAPTADOR D5 D6N 545C;148-8336;81.00;;;CAT D6N
736;CAT CONJUNTO DA FIAÇÃO ELÉTRICA - 545C;222-5917;3543.00;;;CAT 545C
2688;CAT CONJUNTO DE CHICOTE DO MOTOR - D6N;304-5167;4625.00;;;CAT D6N
2700;CAT CONJUNTO DE SUPORTE TUBULAÇÃO – INJEÇÃO DE COMBUSTÍVEL - D6N;395-1633;65.00;;;CAT D6N
2690;CAT CONJUNTO DE TUBOS – TURBOCOMPRESSOR - D6N;420-2372;1383.00;;;CAT D6N
2509;CAT CONJUNTO DO CHICOTE FIAÇÃO - D6N;285-1975;1330.00;;;CAT D6N
3065;CAT CONJUNTO FIAÇÃO WEILER - 545C;472-0332;20.00;;;CAT 545C
3361;CAT CONJUNTO FILTRO/CABEÇOTE/INTERRUPTOR;222-5806;3066.00;;;CAT (modelo a definir)
2995;CAT CONJUNTO SELO 938K;289-2937;200.00;;;CAT 938K
3037;CAT CONTRA PINO 140GC;7J-5925;0.40;;;CAT 140GC
2070;CAT CONTROL GP-JOYSTICK D6N/D5;446-4920;9500.00;;;CAT D6N
2994;CAT COPO DO FILTRO SEPARADOR DE ÁGUA S250 - 140GC - D5;439-5040;110.00;;;CAT D5
618;CAT CORREIA 202-3197 TE D6N;202-3197;1470.00;;;CAT D6N
607;CAT CORREIA 249-8740 SK - 545C 535;249-8740;169.00;;;CAT 545C
609;CAT CORREIA 253-4531 TE - D6N;253-4531 / 8PK2521;166.50;;;CAT D6N
615;CAT CORREIA DO ALTERNADOR PC 938K;8PK1680 / 350-8742;120.00;;;CAT 938K
2020;CAT CORRENTE TRATOR;416-7044;18996.58;;;CAT (modelo a definir)
3337;CAT COTOVELO DA MANGUEIRA DE LUBRIFICAÇÃO 938K;3B-7896;38.00;;;CAT 938K
4097;CAT COXIM DA BALANÇA D6G;6T-8907;235.21;;;CAT D6G
3123;CAT COXIM DA CABINE 938K;368-4473;64.00;;;CAT 938K
1736;CAT COXIM DO CHASSI - 938K;112-0885;99.00;;;CAT 938K
1479;CAT COXIM MOTOR - D6N;9W-9930;150.00;;;CAT D6N
2662;CAT CRUZETA 545C;9P-0356;348.00;;;CAT 545C
4128;CAT CRUZETA CARDAN PATROL 12H;HCZ115;183.58;;;CAT 12H
3328;CAT CRUZETA TRASEIRA DA EIXO DE COMANDO 545C;2T-3013;1228.00;;;CAT 545C
4123;CAT CRUZETA UNIVERSAL CARDAN D6G;1S-9670;325.23;;;CAT D6G
688;CAT DENTE ESCARIFICADOR MOTONIVELA;2D5572;69.00;;;CAT (modelo a definir)
2330;CAT DISCO 938K;364-4378;2040.97;;;CAT 938K
2328;CAT DISCO 938K;367-0581;958.70;;;CAT 938K
2329;CAT DISCO 938K;367-0586;682.51;;;CAT 938K
1925;CAT DISCO DE FREIO DA GARRA SKIDDER;264-5287 / BN470;590.51;;;CAT (modelo a definir)
2024;CAT EIXO DE ENGRENAGEM D5;193-7366;12182.71;;;CAT D5
2023;CAT EIXO DE ENGRENAGEM D5;191-4916;11235.03;;;CAT D5
2345;CAT EIXO DIFERENCIAL 938K;364-4401;1516.59;;;CAT 938K
2344;CAT EIXO DIFERENCIAL 938K;364-4400;6469.08;;;CAT 938K
2022;CAT ENGRENAGEM PLANETARIA DE TRANSMISSÃO D5;8G-4565;11401.12;;;CAT D5
2741;CAT ESPAÇADOR (ANEL) – D5 / D6N;8G-8316;55.00;;;CAT D6N
3396;CAT ESPAÇADOR 140GC;545-7411;936.31;;;CAT 140GC
1043;CAT FILTRO ACUMULADOR TRATOR D6N;DS200103;650.00;;;CAT D6N
4006;CAT FILTRO ACUMULADOR WEILER S250;320-0564;260.00;;;CAT (modelo a definir)
47;CAT FILTRO AR CABINE INTERNO – 938K;353-5058;212.76;;;CAT 938K
46;CAT FILTRO CABINE ADMISSÃO DE AR – 938K;365-7606;74.90;;;CAT 938K
1091;CAT FILTRO COMBUSTIVEL - TE-D6N;306-9199 / P551315;62.36;;;CAT D6N
412;CAT FILTRO COMBUSTIVEL 545C;1R-0762 / P550625;122.65;;;CAT 545C
474;CAT FILTRO COMBUSTÍVEL SEPARADOR - TE D6N - 545C;326-1644 / P550900;163.30;;;CAT D6N
1090;CAT FILTRO COMBUSTIVEL/ - TE-D6N;319-0844 / FF63052NN;245.03;;;CAT D6N
11;CAT FILTRO DE COMBUSTÍVEL 938K - D5 - 140GC - WEILER 250;360-8960;76.87;;;CAT D5
1557;CAT FILTRO DE AR - GERADOR;P827653;98.80;;;CAT (modelo a definir)
2661;CAT FILTRO DE AR CABINE 545C;223-3694;244.90;;;CAT 545C
1128;CAT FILTRO DE AR DA CABINE - WEILER S-250;265-6618;88.92;;;CAT (modelo a definir)
44;CAT FILTRO DE AR DA CABINE TE D5;545-8339;530.00;;;CAT D5
37;CAT FILTRO DE AR DO MOTOR PRIMÁRIO - D5;479-8989;1346.94;;;CAT D5
45;CAT FILTRO DE AR DO MOTOR SECUNDÁRIO - D5;479-8991;588.00;;;CAT D5
1126;CAT FILTRO DE AR MOTOR EFICIENCIA D6N;252-5001 / AF1010;1016.00;;;CAT D6N
39;CAT FILTRO DE AR MOTOR PRIMÁRIO - MN 140GC 545C;245-6375 / P782105;225.87;;;CAT 140GC
48;CAT FILTRO DE AR MOTOR SECUNDÁRIO MN 140GC 545C;245-6376 / P782108;120.65;;;CAT 140GC
21;CAT FILTRO DE AR PRIMÁRIO - PC 938K;256-7902 / C 23 610 / P782104;83.09;;;CAT 938K
35;CAT FILTRO DE AR SECUNDARIO - PC 938K;256-7903 / P782107 / CF600/1;51.90;;;CAT 938K
1093;CAT FILTRO DE AR SECUNDARIO D6N;252-5002 / AF1009;275.94;;;CAT D6N
1436;CAT FILTRO DE CABINE D-5;7G-8116 / AKX4592;102.00;;;CAT (modelo a definir)
1476;CAT FILTRO DE CABINE D6N;329-3243;120.00;;;CAT D6N
4068;CAT FILTRO DE COMBUSTÍVEL D6G;1R-0750;0.00;;;CAT D6G
4070;CAT FILTRO DE COMBUSTÍVEL P120H;P551312;0.00;;;CAT 120H
407;CAT FILTRO DE COMBUSTÍVEL REFIL - TE D6N;P551052 / FCD0958 / FS19727;114.90;;;CAT D6N
284;CAT FILTRO DE DA CABINE MN 140GC;2314487;150.00;;;CAT 140GC
09;CAT FILTRO DE ÓLEO DA TRANSMISSÃO 554-4809 MN 140GC;554-4809;250.00;;;CAT 140GC
4067;CAT FILTRO DE ÓLEO DO MOTOR;1R-1808;0.00;;;CAT (modelo a definir)
2;CAT FILTRO DE OLEO DO MOTOR MN-140GC - 938K - TE-D5 - D6N - WEILER S-250;462-1171 / P550920;127.93;;;CAT D6N
3;CAT FILTRO DE TRASMISSÃO - 545C;341-6643;704.00;;;CAT 545C
283;CAT FILTRO DO AR CONDICIONADO MN 140GC;7T-7358;320.00;;;CAT 140GC
4054;CAT FILTRO DO MOTOR INTERNO D6G;41098-00;0.00;;;CAT D6G
89;CAT FILTRO DO RESPIRO DO MOTOR - 938K;273-5711;163.00;;;CAT 938K
1143;CAT FILTRO ELEMENTO - D5;389-1076;375.00;;;CAT D5
2034;CAT FILTRO HID. DA TRANSMISSÃO 140GC;389-1085;950.00;;;CAT 140GC
2035;CAT FILTRO HID. DA TRANSMISSÃO WEILER S-250;389-1079;950.00;;;CAT (modelo a definir)
4;CAT FILTRO HIDRÁULICO - 545C;433-1418 / 201-0875;572.36;;;CAT 545C
1507;CAT FILTRO HIDRAULICO - 938K;465-6505;895.00;;;CAT 938K
1580;CAT FILTRO HIDRAULICO - MN 140GC;1R-0774;602.62;;;CAT 140GC
04;CAT FILTRO HIDRAULICO / TRANSMISSÃO 545C;433-1418;350.00;;;CAT 545C
2079;CAT FILTRO HIDRAULICO 545C;1G-8878 / P164378 / 147-0178;171.58;;;CAT 545C
10;CAT FILTRO HIDRAULICO 938K;144-6691;390.00;;;CAT 938K
3351;CAT FILTRO HIDRAULICO D6N;P165877;178.00;;;CAT D6N
36;CAT FILTRO HIDRAULICO D6N;1R-0777;890.00;;;CAT D6N
5;CAT FILTRO HIDRÁULICO D6N;9T-8578;740.82;;;CAT D6N
8;CAT FILTRO HIDRÁULICO DA TRANSMISSÃO 938K;421-5481;553.85;;;CAT 938K
1092;CAT FILTRO HIDRÁULICO MN-120H/140H D6N;328-3655;1127.05;;;CAT D6N
4082;CAT FILTRO HIDRÁULICO P165238;P165238;0.00;;;CAT (modelo a definir)
4062;CAT FILTRO HIDRÁULICO/DE TRANSMISSÃO;102-2828 / 222-5806;0.00;;;CAT (modelo a definir)
789;CAT FILTRO HIDRÁULICO/DE TRANSMISSÃO - D5;532-3903;882.00;;;CAT D5
13;CAT FILTRO HIDRÁULICO/DE TRANSMISSÃO 152-6902 SK 525C;152-6902 / P170949;1228.79;;;CAT 525C
1398;CAT FILTRO HIDRAULICOTE - D5;532-3902;1186.00;;;CAT D5
14;CAT FILTRO HIDRÁULICOTE D6G E D6N;132-8876;796.08;;;CAT D6N
414;CAT FILTRO LUBRIFICANTE SK-545C;C-55221 / 1R-1807 / P551807;132.75;;;CAT 545C
401;CAT FILTRO SECADOR - 938K WEILER S250;DI200110 / 257-3226;110.00;;;CAT 938K
2706;CAT FILTRO SECADOR - WEILER S-250;271-7421;2727.00;;;CAT (modelo a definir)
2297;CAT FILTRO SEPARADOR DE AGUA GERADOR;130306380;219.00;;;CAT (modelo a definir)
6;CAT FILTRO SEPARADOR DE COMBUSTÍVEL 938K;391-3764;446.68;;;CAT 938K
788;CAT FILTRO TRANSMISSÃO - D5;571-5253;601.45;;;CAT D5
1556;CAT FILTROLUBRIFICANTE MOTOR - GERADOR;7W-2327;702.92;;;CAT (modelo a definir)
4053;CAT FLTRO DE AR EXTERNO DO MOTOR D6G;6I-0273;650.00;;;CAT D6G
3172;CAT GARFO DO CARDAN / EIXO - 938K;166-6760;1398.00;;;CAT 938K
2153;CAT GAXETA D6G;1M-1571;200.00;;;CAT D6G
2951;CAT GRAMPO D5;277-5065;12.00;;;CAT D5
2713;CAT GRAXEIRO;3B-8489;20.00;;;CAT (modelo a definir)
2484;CAT GRUPO DE TAMPA MECANISMO DE VALVULA - D6N;317-3065;4202.00;;;CAT D6N
3311;CAT GUARDA PÓ 938K;478-4178;203.05;;;CAT 938K
2716;CAT GUARDA-PÓ BARRA EQUALIZADORA D5 D6N;8G-4190;79.20;;;CAT D6N
2978;CAT ILHÓ DE BORRACHA 938K;7G-3832;700.00;;;CAT 938K
4251;CAT INDICADOR DO NIVEL DO ÓLEO 938K;295-5250;1543.00;;;CAT 938K
823;CAT INJETOR DE COMBUSTIVEL - D6N;320-0690 / 10R-7673;2682.00;;;CAT D6N
2464;CAT INTERRUPTOR - 545C;353-4515;870.00;;;CAT 545C
2677;CAT INTERRUPTOR - 545C;227-6744;1922.00;;;CAT 545C
1483;CAT INTERRUPTOR DE PRESSÃO EMBREAGEM COMPRESSOR D6N/938K;149-6371;340.00;;;CAT D6N
3005;CAT JUNTA 140GC;3D-2981;52.00;;;CAT 140GC
3009;CAT JUNTA 545C;253-3894;320.00;;;CAT 545C
2448;CAT JUNTA DA BOMBA - D5;566-7683;501.00;;;CAT D5
3015;CAT JUNTA DA BOMBA D'AGUA 545C;448-0607;70.00;;;CAT 545C
2121;CAT JUNTA DA TAMPA - D6N;277-3012;246.00;;;CAT D6N
3033;CAT JUNTA DA TAMPA 140GC;2B-3147;7.00;;;CAT 140GC
2473;CAT JUNTA DA TAMPA DE VÁLVULA - D6N;317-3064;493.00;;;CAT D6N
2122;CAT JUNTA DA TAMPA DO ALOJAMENTO - D6N;226-8766;809.00;;;CAT D6N
2474;CAT JUNTA DA TAMPA FIAÇÃO ELETRICA DO INJETOR - D6N;309-6664;925.00;;;CAT D6N
2116;CAT JUNTA DA VEDAÇÃO TAMPA DIANTEIRA - D6N;225-8287;1310.00;;;CAT D6N
2356;CAT JUNTA DE VEDAÇÃO;596-7993;9.90;;;CAT (modelo a definir)
3092;CAT JUNTA DO CARTER D6N;331-4400;1205.00;;;CAT D6N
3093;CAT JUNTA DO CARTER D6N;275-9884;1733.00;;;CAT D6N
2704;CAT JUNTA DO TUBO DE RETORNO DA TURBINA - D6N;437-4170;30.00;;;CAT D6N
2703;CAT JUNTA TUBO DE RETORNO DA TURBINA - D6N;278-0017;30.00;;;CAT D6N
3104;CAT KIT DE REPARO DO ROTATOR DA GARRA WEILER S250;336-8976;2604.00;;;CAT (modelo a definir)
3198;CAT KIT DO COMPRESSOR 938K;424-5268;3489.30;;;CAT 938K
4352;CAT KIT REPARO DO PISTÃO DA LAMINA 140GC;615-7278;715.00;;;CAT 140GC
3208;CAT KIT SELO DO CILINDRO HIDRAULICO 938K;234-1948;1640.00;;;CAT 938K
3339;CAT KIT VALVULA DE AR DO BANCO 545C;192-7799;738.00;;;CAT 545C
1678;CAT KIT-SELO DE CILINDRO HIDRÁULICO (MANDIBULA) 938K;326-0503;210.00;;;CAT 938K
2472;CAT LUVA INJETORA - 938K - D6N;517-8243;330.00;;;CAT D6N
3278;CAT MAÇANETA 545C;8Y-4617;2048.00;;;CAT 545C
2718;CAT MANCAL D5 - COMANDO FINAL;8G-8311;441.77;;;CAT D5
1513;CAT MANCAL ROLAMENTO - PC 938K;365-8246;434.00;;;CAT 938K
2611;CAT MANGOTE DA ÁGUA RADIADOR - D6N;309-8995;784.00;;;CAT D6N
2674;CAT MANGOTE DA TURBINA - D6N;216-0067;773.00;;;CAT D6N
2981;CAT MANGUEIRA COTOVELO 545C;202-7935;269.00;;;CAT 545C
2724;CAT MANGUEIRA D5 - COMANDO FINAL;2K-5066;1363.65;;;CAT D5
2991;CAT MANGUEIRA D6N;300-6520;300.00;;;CAT D6N
4274;CAT MANGUEIRA DA BOMBA DE TRANSMISSÃO 938K;161-1819;2161.00;;;CAT 938K
2453;CAT MANGUEIRA DA BOMBA HIDRAULICA DIAMETRO INT 50,80MM - D6N;541-7169;616.00;;;CAT D6N
3360;CAT MANGUEIRA DE LIGAÇÃO DO RADIADOR 545C;2P-7846;241.00;;;CAT 545C
3120;CAT MANGUEIRA DE LUBRIFICAÇÃO 938K;362-1632;474.55;;;CAT 938K
3369;CAT MANGUEIRA DE TUBULAÇÃO GRAXA DE ACOPLAMENTO RETO D6N;346-9728;351.00;;;CAT D6N
3329;CAT MANGUEIRA DO INTERCOOLER;341-6785;1241.00;;;CAT (modelo a definir)
3158;CAT MANGUEIRA DO INTERCOOLER D5;507-8073;379.42;;;CAT D5
1660;CAT MANGUEIRA DO LÍQUIDO ARREFECEDOR 545C;254-6043;875.89;;;CAT 545C
2747;CAT MANGUEIRA DO RADIADOR D6N;309-8995;829.30;;;CAT D6N
2201;CAT MANGUEIRA DO RADIADOR 545C;254-6044;1195.00;;;CAT 545C
2748;CAT MANGUEIRA DO RADIADOR/BAMBA D'AGUA D6N;273-2019;278.25;;;CAT D6N
2099;CAT MANGUEIRA HIDRAULICA 5000PSI 938K (CENTRAL);470-0445;1701.00;;;CAT 938K
3119;CAT MANGUEIRA HIDRAULICA 938K;470-0446;1290.00;;;CAT 938K
4008;CAT MANGUEIRA HIDRAULICA D6N;352-8160;541.00;;;CAT D6N
4007;CAT MANGUEIRA HIDRAULICA D6N;311-2383;2012.00;;;CAT D6N
4329;CAT MANGUEIRA HIDRAULICA ORIGINAL TRATOR D6;329-3778;882.00;;;CAT D6
1689;CAT MANGUEIRA RADIADOR D6N;309-8999;949.74;;;CAT D6N
3199;CAT MANGURIRA DE AR DO AR CONDICIONADO D6N;270-3230;1686.00;;;CAT D6N
2260;CAT MOTOR DE ENGRENAGEM HIDRAULICO D5;610-4324;12000.00;;;CAT D5
2315;CAT MOTOR GP-GR;607-8632;4982.00;;;CAT (modelo a definir)
2668;CAT MUNHÃO BALAÇA - 938K;467-0997;2400.00;;;CAT 938K
738;CAT ORING DA RODA MUTRIZ D5 / D6N;8D-4771;14.00;;;CAT D6N
740;CAT ORINGUE RETENTOR SK 525C 545C;8H7521;67.00;;;CAT 545C
2467;CAT PACOTE DE CALÇOS ARTICULAÇÃO CENTRAL - 938K;4K-7464;665.00;;;CAT 938K
4325;CAT PAINEL DE CONTROLE 938K;487-6501;4936.00;;;CAT 938K
3315;CAT PARAFUSO;8T-4172;14.71;;;CAT (modelo a definir)
2119;CAT PARAFUSO - D6N;6I-0645;17.00;;;CAT D6N
2120;CAT PARAFUSO - D6N;6I-0260;17.00;;;CAT D6N
2600;CAT PARAFUSO - D6N;298-4550;67.00;;;CAT D6N
2601;CAT PARAFUSO - D6N;100-3751;12.00;;;CAT D6N
2602;CAT PARAFUSO - D6N;6I-0839;15.00;;;CAT D6N
2701;CAT PARAFUSO (M8X1.25X20-MM) - D6N;6I-0217;11.00;;;CAT D6N
2702;CAT PARAFUSO (M8X1.25X35-MM) - D6N;101-3895;9.82;;;CAT D6N
2358;CAT PARAFUSO 140GC;554-4450;5.56;;;CAT 140GC
2997;CAT PARAFUSO 3/4-10 D6N;1D-4608;30.00;;;CAT D6N
1299;CAT PARAFUSO C/ PORCA DA BORDA CORTADA TRATOR;5J-4773;13.74;;;CAT (modelo a definir)
3291;CAT PARAFUSO CABEÇA DE FLANGE 12 PONTAS;9X-8271;11.00;;;CAT (modelo a definir)
4343;CAT PARAFUSO COM 40 MM DE COMPRIMENTO E ROSCA M12X1,75 140GC;8T-4183;11.36;;;CAT 140GC
513;CAT PARAFUSO COM PORCA;3S-8182;27.00;;;CAT (modelo a definir)
2715;CAT PARAFUSO D5 - COMANDO FINAL;8T-4190;16.14;;;CAT D5
2746;CAT PARAFUSO DA BALANÇA 938K;7X-2532;91.36;;;CAT 938K
331;CAT PARAFUSO DA ESTEIRA;6V-1792;19.00;;;CAT (modelo a definir)
2074;CAT PARAFUSO DA MÃO DE AMIGO (GRANDE) - TE D6N D5;107-0719;203.77;;;CAT D6N
2073;CAT PARAFUSO DA MÃO DE AMIGO (PEQUENO) - TE D6N D5;106-1642;147.80;;;CAT D6N
2476;CAT PARAFUSO DA TRAVA DO CARDAN (M10X1.25X20MM) - 938K;4E-5985;62.00;;;CAT 938K
2477;CAT PARAFUSO DO CARDAN (M12X1.75X90MM) - 938K;8T-0372;34.00;;;CAT 938K
2075;CAT PARAFUSO DO CONTRA PESO 16X200MM 938K;8T-6383;14.00;;;CAT 938K
3323;CAT PARAFUSO M12 545C / 140GC;290-7514 / 7X-3343;49.00;;;CAT 140GC
3197;CAT PARAFUSO M14X2X60;313-5646;96.48;;;CAT (modelo a definir)
2986;CAT PARAFUSO M16-2X100;7X-2556;86.00;;;CAT (modelo a definir)
2979;CAT PARAFUSO M24 X 3;173-9779;120.00;;;CAT (modelo a definir)
3250;CAT PARAFUSO SEXTAVADO MJ12;259-2627;25.31;;;CAT (modelo a definir)
3290;CAT PARAFUSO TRAVA DO CILINDRO DE ELEVAÇÃO D5;212-2085;48.00;;;CAT D5
3086;CAT PARALAMA PARA CARREGADEIRA;;450.00;;;CAT (modelo a definir)
1749;CAT PASTILHA DE FREIO - 938K;3644405;119.00;;;CAT 938K
2064;CAT PINO DE ENGATE 57,1MM ARTICULAÇÃO CENTRAL - 938K;261-4546;2056.00;;;CAT 938K
2343;CAT PINO ELASTICO 938K;185-9160;52.65;;;CAT 938K
4191;CAT POLIA DO ALTERNADOR 938K;369-3663;219.00;;;CAT 938K
3121;CAT POLIA INTERMEDIARIA D6N;192-1563;355.00;;;CAT D6N
3286;CAT POLIA INTERMEDIARIA DE 8 SULCOS 545C;197-9642;365.00;;;CAT 545C
3285;CAT POLIA INTERMEDIARIA PLANA 86,5MM 545C;192-1563;334.00;;;CAT 545C
2155;CAT PORCA D6N;4F-1204;40.00;;;CAT D6N
4304;CAT RADIADOR DE ÓLEO 938K;383-7596;2423.00;;;CAT 938K
3175;CAT RECEIVER DRIER (FILTRO SECADOR DO AR-CONDICIONADO) – D6N;257-3227;140.00;;;CAT D6N
2009;CAT REGULADOR DE PRESSÃO - 540C;369-6662;609.20;;;CAT 540C
914;CAT RELE AUXILIAR DE PARTIDA MAGNETICO;241-8368;490.00;;;CAT (modelo a definir)
2192;CAT RELE DE PARTIDA 24V S250 - 938K - 140GC;241-8368;560.00;;;CAT 938K
4035;CAT REPARO 525D;324-7165;0.00;;;CAT 525D
1486;CAT REPARO CILINDRO DE ANGULO (BLUMAQ NEM WORD GASK PRESTAM) - D6N / REPARO CILINDRO HIDRÁULICO TORRE E LANÇA -545C;261-8566;914.15;;;CAT D6N
2131;CAT REPARO CILINDRO HIDRAULICO DE DIREÇÃO 938K;501-6702;971.00;;;CAT 938K
2619;CAT REPARO CILINDRO HIDRÁULICO DIREÇÃO - 545C;7X-2783 / 376-9011;848.65;;;CAT 545C
2259;CAT REPARO DA GARRAFA DE ANGULAÇÃO D5;580-3600;510.00;;;CAT D5
1213;CAT REPARO DA GARRAFA DE ELEVAÇÃO 938K;501-6695;550.00;;;CAT 938K
2222;CAT REPARO DA GARRAFA DE INCLINAÇÃO 938K;501-6697;380.00;;;CAT 938K
2015;CAT REPARO DA GARRAFA MN-140G;543-9662;650.00;;;CAT 140G
1514;CAT REPARO DE INCLINAÇÃO DA CONCHA - 938K;501-6702;2779.00;;;CAT 938K
3327;CAT REPARO DE PINÇA 545C WEILER S250;214-3225;1632.00;;;CAT 545C
2615;CAT REPARO DO CILINDRO DE ELEVAÇÃO D6N / LAMINA 545C;241-7584;477.00;;;CAT D6N
3267;CAT REPARO DO CILINDRO DE INCLINAÇÃO 938K;501-6704;1344.00;;;CAT 938K
2742;CAT REPARO DO CILINDRO DE INCLINAÇÃO DA LAMINA D6N D5;393-3605;380.00;;;CAT D6N
2707;CAT REPARO DO CILINDRO HIDRAULICO 545C;308-7841;870.00;;;CAT 545C
4203;CAT RESPIRADOR DE AR 938K;258-2829;209.84;;;CAT 938K
2487;CAT RESPIRO DO HIDRAULICO;507-0646;2800.00;;;CAT (modelo a definir)
2347;CAT RETENTOR 140GC;596-8022;14.63;;;CAT 140GC
3269;CAT RETENTOR 140GC;5P-8890;35.00;;;CAT 140GC
2350;CAT RETENTOR 140GC;596-9631;97.27;;;CAT 140GC
3004;CAT RETENTOR 140GC;329-0411;350.00;;;CAT 140GC
3392;CAT RETENTOR 140GC;431-4611;167.78;;;CAT 140GC
3028;CAT RETENTOR 140GC;8D-3902;100.00;;;CAT 140GC
2353;CAT RETENTOR 140GC;596-8019;109.00;;;CAT 140GC
2326;CAT RETENTOR 938K;367-0573;785.99;;;CAT 938K
2327;CAT RETENTOR 938K;367-0572;765.34;;;CAT 938K
2133;CAT RETENTOR 938K;7K-9210;26.00;;;CAT 938K
2331;CAT RETENTOR 938K;367-0576;67.86;;;CAT 938K
2339;CAT RETENTOR 938K;367-0579;29.53;;;CAT 938K
2335;CAT RETENTOR 938K;367-0575;73.28;;;CAT 938K
2336;CAT RETENTOR 938K;369-4631;43.24;;;CAT 938K
2338;CAT RETENTOR 938K;367-0569;80.56;;;CAT 938K
2740;CAT RETENTOR D5 - COMANDO FINAL;1H-8128;50.53;;;CAT D5
2725;CAT RETENTOR D5 - COMANDO FINAL;8D-4771;145.64;;;CAT D5
2729;CAT RETENTOR D5 - COMANDO FINAL;1H-9696;27.88;;;CAT D5
2735;CAT RETENTOR D5 - COMANDO FINAL;167-2200;337.75;;;CAT D5
2719;CAT RETENTOR D5 - COMANDO FINAL;421-4529;193.41;;;CAT D5
579;CAT RETENTOR D6N;6Y-0859;240.00;;;CAT D6N
2068;CAT RETENTOR DA ARTICULAÇÃO CENTRAL 938K;6V-0359;103.00;;;CAT 938K
2069;CAT RETENTOR DA ARTICULAÇÃO CENTRAL 938K;064-0230;141.00;;;CAT 938K
3332;CAT RETENTOR DA ARTICULAÇÃO D6;8G-2943;38.00;;;CAT D6
2000;CAT RETENTOR DA BALANÇA 938K;355-9797;929.00;;;CAT 938K
3134;CAT RETENTOR DA BUCHA DA PONTA DO H 938K;7K-9209;28.20;;;CAT 938K
2985;CAT RETENTOR DA POLIA 545C;6V-9748;25.20;;;CAT 545C
3313;CAT RETENTOR DA TRANSMISSÃO 938K / 545C;193-2200;520.00;;;CAT 938K
2112;CAT RETENTOR DE ÓLEO DO EIXO TRASEIRO E DIANTEIRO E TRANSMISSÃO- 938K;305-2215;1400.00;;;CAT 938K
3399;CAT RETENTOR DO PINHÃO 140GC;156-4575;1129.00;;;CAT 140GC
3359;CAT RETENTOR DO ROTATOR 545C;228-3737;1322.00;;;CAT 545C
3391;CAT RETENTOR LUVA 140GC;520-1134;45.82;;;CAT 140GC
3169;CAT RETENTOR PINO BARRA EQUALIZADORA – D5 / D6N;7K-9205;20.00;;;CAT D6N
2977;CAT RETENTOR SELO 938K;340-9315;108.00;;;CAT 938K
2118;CAT RETENTOR TAMPA FRONTAL - D6N;277-3013;60.00;;;CAT D6N
1575;CAT RETROVISOR UNIVERSAL - 938K;372-8075;942.00;;;CAT 938K
2016;CAT RODA GUIA TRATOR;396-4170;5275.50;;;CAT (modelo a definir)
3394;CAT ROLAMENTO;538-3119;953.00;;;CAT (modelo a definir)
3385;CAT ROLAMENTO 140GC;538-3106;563.00;;;CAT 140GC
2360;CAT ROLAMENTO 140GC;596-8007;440.89;;;CAT 140GC
2357;CAT ROLAMENTO 140GC;596-8015;295.67;;;CAT 140GC
2333;CAT ROLAMENTO 938K;365-8185;2497.66;;;CAT 938K
2321;CAT ROLAMENTO 938K;453-2425;5112.97;;;CAT 938K
2337;CAT ROLAMENTO 938K;365-8246;310.91;;;CAT 938K
2320;CAT ROLAMENTO 938K;365-8187;3085.21;;;CAT 938K
2341;CAT ROLAMENTO 938K;365-8186;2587.08;;;CAT 938K
2340;CAT ROLAMENTO 938K;490-7804;2784.29;;;CAT 938K
2332;CAT ROLAMENTO 938K;365-8184;1959.34;;;CAT 938K
3181;CAT ROLAMENTO ARTICULAÇÃO CENTRAL 545C/WEILER;143-7356;2627.00;;;CAT 545C
2132;CAT ROLAMENTO BUCHA 938K;347-8174;249.50;;;CAT 938K
2667;CAT ROLAMENTO COM FLANG - 938K;364-4370;3000.00;;;CAT 938K
257;CAT ROLAMENTO COMANDO FINAL TAMPA PLANETARIA - D6N D5;1B-3980;971.18;;;CAT D6N
2722;CAT ROLAMENTO D5 - COMANDO FINAL;8H-0902;2754.29;;;CAT D5
2066;CAT ROLAMENTO DA ARTICULAÇÃO CENTRAL 938K;005-4834;467.00;;;CAT 938K
2625;CAT ROLAMENTO DA GARRAFA DA LAMINA - D6N;7J-1309;130.00;;;CAT D6N
2626;CAT ROLAMENTO DA GARRAFA PEQUENA - D6N;160-0305;160.00;;;CAT D6N
2982;CAT ROLAMENTO DA POLIA 545C;4W-1204;66.00;;;CAT 545C
2624;CAT ROLAMENTO DE ALINHAMENTO CILINDRO ANGULAÇÃO BULLDOZER - D6N;4D-4431 / GE44-ZC-2RS;89.00;;;CAT D6N
1723;CAT ROLAMENTO DE CENTRO - 938K;UCP212 / 6I-8531;398.00;;;CAT 938K
3331;CAT ROLAMENTO DE CENTRO (MANCAL) 938K;174-6133;327.80;;;CAT 938K
3013;CAT ROLAMENTO DE SUPORTE DIAGONAL;7T-0205;2000.00;;;CAT (modelo a definir)
2980;CAT ROLAMENTO DESGASTE 938K;323-2474;850.00;;;CAT 938K
2629;CAT ROLAMENTO DO CILINDRO - D6N;6E-5449;89.00;;;CAT D6N
2948;CAT ROLAMENTO DO CILINDRO DE ELEVAÇÃO D6N / D5;237-4860;560.00;;;CAT D6N
4077;CAT ROLAMENTO EMBREAGEM XLS3.75 D6G;7T8420;0.00;;;CAT D6G
1941;CAT ROLAMENTO TIPO LUVA - D5;9P-8899;400.00;;;CAT D5
4291;CAT ROLAMENTO TIPO LUVA PATROL;8D-8168;139.00;;;CAT (modelo a definir)
4292;CAT ROLAMENTO TIPO LUVA PATROL;7D-8889;406.00;;;CAT (modelo a definir)
2017;CAT ROLETE SUPERIOR TRATOR;229-5446;1286.87;;;CAT (modelo a definir)
2019;CAT ROLETE TRATOR;417-3770;1439.59;;;CAT (modelo a definir)
2018;CAT ROLETE TRATOR;416-7050;1539.10;;;CAT (modelo a definir)
2355;CAT ROLMENO 140GC;596-8018;305.33;;;CAT 140GC
1743;CAT ROTULA D5;8T-0333;70.00;;;CAT D5
2749;"CAT ROTULA DA PONTA DO ""U"" D5";107-8126;229.00;;;CAT D5
3151;CAT ROTULA DE ALINHAMENTO DA BALANÇA D5 D6N;8G-4189;75.00;;;CAT D6N
3261;CAT ROTULA DO CILINDRO DE DIREÇÃO 140GC;005-8639;21.00;;;CAT 140GC
3400;CAT ROTULA TRATOR D6N;07137-05008 / GEK50XS-2RS;499.00;;;CAT D6N
4173;CAT SAPATA DE GIRO 120H 120G 135H 120K;5T-2926;669.00;;;CAT 120H
1527;CAT SEAL RETENTOR - TE D6N;;36.00;;;CAT D6N
1457;CAT SECADOR TE D5N;355-1793;2261.29;;;CAT D5N
1914;CAT SEDE DO CILINDRO LEVANTAMENTO;2795267;98.00;;;CAT (modelo a definir)
2021;CAT SEGMENTO TRATOR;397-9556;318.18;;;CAT (modelo a definir)
3277;CAT SELENOIDE BOMBA DE ALTA D6N;312-5620;3300.00;;;CAT D6N
3276;CAT SELENOIDE DA TRANSMISSÃO D6N;244-3114;1190.00;;;CAT D6N
3008;CAT SELO 545C;495-8200;320.00;;;CAT 545C
3019;CAT SELO 545C;4T-8054;350.00;;;CAT 545C
2996;CAT SELO 938K;338-2444;150.00;;;CAT 938K
3010;CAT SELO ANEL DE V 545C WEILER;5K-0983;192.51;;;CAT 545C
1602;CAT SELO D5;5J-5402;350.00;;;CAT D5
2146;CAT SELO D6N;6V-8544;20.00;;;CAT D6N
2946;CAT SELO DE AMARRAÇÃO DE ROLETE DA ESTEIRA D6N / D5;9X-4580;560.00;;;CAT D6N
3012;CAT SELO DE ENCAIXE 140GC - 938K - D5;527-1641;940.00;;;CAT D5
4168;CAT SELO DO LIMPADOR 228,6 MM;9W7989;73.00;;;CAT (modelo a definir)
2999;CAT SELO DO PISTÃO 938K;161-7147;300.00;;;CAT 938K
3322;CAT SELO DO PISTÃO 938K;340-6339;0.00;;;CAT 938K
2950;CAT SELO DO PISTÃO D6N;6E-0465;750.00;;;CAT D6N
2993;CAT SELO LIMPADOR 938K;478-4175;320.00;;;CAT 938K
2972;CAT SELO LIMPADOR D6N;225-3281;200.00;;;CAT D6N
3321;CAT SELO ORING D6N;340-9314;0.00;;;CAT D6N
3245;CAT SELO TIPO LÁBIO 140GC;556-7544;148.35;;;CAT 140GC
3246;CAT SELO TIPO LÁBIO DE BORRACHA 92,07 MM 140GC;156 4575;1097.00;;;CAT 140GC
3395;CAT SENSOR 140GC;430-9449;2430.00;;;CAT 140GC
2182;CAT SENSOR DE NIVEL MN 140GC - D5;641-5407;1042.25;;;CAT D5
1548;CAT SENSOR DE PRESSÃO - TRATOR D6;2380114;715.00;;;CAT D6
2008;CAT SENSOR DE PRESSÃO - 545C;224-4536;2550.16;;;CAT 545C
4334;CAT SENSOR DE PRESSÃO 938K;238-0118;1500.00;;;CAT 938K
3296;CAT SENSOR DE PRESSÃO DE ÓLEO DO MOTOR D6;277-5225;280.00;;;CAT D6
4206;CAT SENSOR DE PRESSÃO DO COMBUSTIVEL 938K;274-6721;1328.57;;;CAT 938K
2251;CAT SENSOR DE PRESSÃO DO OLEO D5;609-9043;3796.00;;;CAT D5
4205;CAT SENSOR DE PRESSÃO DO TURBO 938K;274-6720;1328.57;;;CAT 938K
4344;CAT SENSOR DE PRESSÃO DO TURBO D6N;278-5273;1516.00;;;CAT D6N
2987;CAT SENSOR DE PRESSÇÃO DO ÓLEO GERADOR;380-1882;1169.00;;;CAT (modelo a definir)
2450;CAT SENSOR DE ROTAÇÃO - D6N 938K;238-0120;735.36;;;CAT D6N
4345;CAT SENSOR DE TEMPERATURA DA TRANSMISÃO D6N;195-2150;776.00;;;CAT D6N
3325;CAT SENSOR DE TEMPERATURA DO HIDRAULICO D6 / D5 / 140 GC;256-6454;853.00;;;CAT D6
2755;CAT SENSOR DE VELOCIDADE D6N;318-1179;250.00;;;CAT D6N
3386;CAT SENSOR DE VELOCIDADE D6N;358-2399;4158.00;;;CAT D6N
2281;CAT SENSOR DE VELOCIDADE TRANSMISSÃO - SK 545C;196-1185;2464.00;;;CAT 545C
2673;CAT SENSOR DO RAIL - D6N;311-6342;1165.00;;;CAT D6N
2486;CAT SENSOR FILTRO DE AR - D6N;296-2735;370.00;;;CAT D6N
3023;CAT SENSOR NIVEL DE LIQUIDO 140GC;549-6892;310.00;;;CAT 140GC
4330;CAT SENSOR PRESSÃO DO ÓLEO DO MOTOR D6N;278-5225;1501.00;;;CAT D6N
3177;CAT SEPARADOR DO DISCO DA GARRA SKIDDER;BN471;264.23;;;CAT (modelo a definir)
2743;CAT SUPORTE D6N;310-7918;250.00;;;CAT D6N
3294;CAT SUPORTE DA BOMBA DE ALTA D6;287-6838;350.00;;;CAT D6
4093;CAT SUPORTE DO MANCAL 545C;3J-5190;2361.60;;;CAT 545C
552;CAT SUPORTE PC 4E5984 938K;4E-5984;56.00;;;CAT 938K
1481;CAT SUPRESSOR D6N;240-7193;190.00;;;CAT D6N
2466;CAT TAMPA ARTICULAÇÃO CENTRAL - 938K;4E-3760;2153.00;;;CAT 938K
2465;CAT TAMPA ARTICULAÇÃO CENTRAL - 938K;9V-6471;2126.00;;;CAT 938K
1484;CAT TAMPA RADIADOR D6N;287-5256;20.00;;;CAT D6N
3293;CAT TENSOR DE CORREIA D6N;190-0643;400.00;;;CAT D6N
4328;CAT TERMINAL DA BARRA FIXA DE DIREÇÃO LD 140GC;131-3737;1515.00;;;CAT 140GC
4327;CAT TERMINAL DA BARRA FIXA DE DIREÇÃO LE 140GC;131-3738;1515.00;;;CAT 140GC
1915;CAT TERMINAL DE DIREÇÃO (ROSCA 1 1;1313737;240.00;;;CAT (modelo a definir)
3260;CAT TERMINAL DE DIREÇÃO 140GC;131-3736;231.25;;;CAT 140GC
751;CAT TIRA DE DESGASTE MOTONIVELADOR;446-1526;862.00;;;CAT (modelo a definir)
460;CAT TIRA DE NYLON 120G MEIA LUA;1289656/N;79.00;;;CAT 120G
1480;CAT TOMADA D6N;;31.75;;;CAT D6N
3292;CAT TRAVA DA ROTULA D6N;1S-3311;6.00;;;CAT D6N
3152;CAT TRAVA DA ROTULA DA BALANÇA D5;1J-6472;6.30;;;CAT D5
3336;CAT TRAVA DO MUNHÃO 938K;5P-9928;1115.00;;;CAT 938K
3183;CAT TUBO BOMBA;329-0060;480.00;;;CAT (modelo a definir)
1442;CAT TUBO COMBUSTIVEL D6N;329-0062;1595.65;;;CAT D6N
152;CAT TUBO ESCAPE SKKIDER 525 545;247-5010;1248.13;;;CAT (modelo a definir)
4371;CAT TUBO TENSOR DA ESTEIRA D5;331-2427;6255.00;;;CAT D5
2692;CAT TUBULAÇÃO – INJEÇÃO DE COMBUSTÍVEL - D6N;336-8174;803.00;;;CAT D6N
2695;CAT TUBULAÇÃO – INJEÇÃO DE COMBUSTÍVEL (CYL NO. 2) L - D6N;336-8175;803.00;;;CAT D6N
2691;CAT TUBULAÇÃO – INJEÇÃO DE COMBUSTÍVEL (CYL NO. 3) - D6N;336-8176;803.00;;;CAT D6N
2699;CAT TUBULAÇÃO – INJEÇÃO DE COMBUSTÍVEL (CYL NO. 4) - D6N;336-8177;803.00;;;CAT D6N
2698;CAT TUBULAÇÃO – INJEÇÃO DE COMBUSTÍVEL (CYL NO. 5) - D6N;336-8178;803.00;;;CAT D6N
2117;CAT TUBULAÇÃO DE ÓLEO - D6N;321-1270;235.00;;;CAT D6N
4232;CAT TURBINA DO MOTOR SKIDDER 545C RECONDICIONAD;6711-261B;1800.00;;;CAT 545C
4338;CAT TURBINA DO MOTOR WEILER 938K RECONDICIONADO;569-6097;1800.00;;;CAT 938K
2936;CAT TURBINA MOTOR MOTOR C6;53271013081;2500.00;;;CAT (modelo a definir)
3097;CAT TURBINA WEILER S250;569-6097;2879.00;;;CAT (modelo a definir)
2938;CAT TURBO D6R;188-5156;29000.00;;;CAT (modelo a definir)
4358;CAT VALVULA AJUSTADOR DE ESTEIRA D6N;190-8609;135.94;;;CAT D6N
2632;CAT VALVULA ALIVIO - 545C;9T-0704;4439.00;;;CAT 545C
3295;CAT VALVULA DE ALIVIO;305-5291;750.00;;;CAT (modelo a definir)
3289;CAT VALVULA DE ALIVIO HIDRAULICO 938K;301-4484;1401.00;;;CAT 938K
2030;CAT VALVULA DO BANCO 938K;424-5305;1092.00;;;CAT 938K
2115;CAT VALVULA SELENOIDE BOMBA DE ALTA - D6N XL;312-6620;1234.00;;;CAT D6N
3098;CAT VALVULA SELENOIDE DE PARADA GERADOR CAT;DNI 8024;150.00;;;CAT (modelo a definir)
2962;CAT VALVULA SOLENOIDE D5;532-6139;3000.00;;;CAT D5
2322;CAT VEDAÇÃO 938K;452-6857;4726.57;;;CAT 938K
2721;CAT VEDAÇÃO D5 - COMANDO FINAL;6Y-0859;2557.33;;;CAT D5
2485;CAT VEDAÇÃO DO FILTRO 545C;350-7735;250.00;;;CAT 545C
1459;CAT VEDAÇÃO TE D5N;9X381;29.15;;;CAT D5N
2654;CAT VENTILADOR DO AR CONDICIONADO - 545C;174-1505;810.00;;;CAT 545C
2217;CAT VENTILADOR DO AR CONDICIONADO D6N;DS676190;410.00;;;CAT D6N
3258;CAT VENTILADOR DO CONDENSADOR D6N;484-8774;400.00;;;CAT D6N
1922;CATBUCHA MANCAL DA GARRAFA DE EL;8D8168;152.00;;;
1376;CATCONJUNTO GRAXEIRO - D5;464-3454;662.00;;;CAT D5
1458;CATCONJUNTO MANGUEIRA;509-3205;1781.12;;;
610;CATCORREIA 245-4628 SK 545C 535C;245-4628;973.00;;;CAT 545C
1521;CATCOTOVELO - D6N;309-0572;650.00;;;CAT D6N
763;CATFILTRO ACUMULADOR;101-8789;950.00;;;
537;CATFILTRO DE AR EXTERNO SK 525C/;P782105;259.90;;;CAT 525C
538;CATFILTRO DE AR INTERNO SK 525C /;P782108;114.90;;;CAT 525C
49;CATFILTRO DE AR PRIMARIO AF1010 T;AF1010;569.00;;;
1555;CATFILTRO DE COMBUSTIVEL - GERADO;467-1181;260.00;;;
415;CATFILTROHIDRÁULICO(ELEMENTO) T;P165239;250.00;;;
1042;CATFILTROSECADOR TRADOR D5;2573226;260.00;;;CAT D5
1478;CATFILTROSECADOR TRADOR D6N;DS200217;550.00;;;CAT D6N
1435;CATFILTROTRANSMISSÃO TE D6N;571-5253;1049.00;;;CAT D6N
1532;CATGRAXETA - TE D6N;1672312;20.00;;;CAT D6N
1528;CATGRAXETA - TE D6N;6J4606;30.00;;;CAT D6N
151;CATMANGUEIRA D6N;203-7607;519.40;;;CAT D6N
637;CATMANGUEIRA DA MANDIBULA PC 938K;226-2258;650.00;;;CAT 938K
22;CATÓLEO SAE 10W30 MTO 1094395;109-4395;757.00;;;
1930;CATPASTILHA DE FREIO - MN 140GC;599-5581;5366.90;;;CAT 140GC
1316;CATRACA DE FREIO MANUAL DIREITO TR;81632450;171.00;;;
1531;CATRETENTOR - TE D6N;2253281;23.00;;;CAT D6N
2483;"CHAPA 1/2"" X 1.4MT X 1.2MT";;2133.00;;;
2267;"CHAPA GROSSA 1"" 25MM X 60CM X 2,5MT";25MM X 60CM X 2,5MT;3242.00;;;
3364;CHAPA ZINCADA;ZINCO;65.00;;;
838;CHAPEU DE PALHA;54505;15.00;;;
2105;"CHAVE AJUSTAVEL 18"" 460MM (INGLESA)";"18"" 460MM (INGLESA)";315.31;;;
1254;CHAVE COMBINAA 17MM;17MM;13.35;;;
4266;CHAVE COMBINADA 12MM;12MM;20.80;;;
1255;CHAVE COMBINADA 14MM;14MM;11.10;;;
1256;CHAVE COMBINADA 8MM;8MM;6.65;;;
2104;CHAVE COMBINADA GEDORE 34MM;34MM;139.40;;;
966;CHAVE COMBINADA GEDORE 36MM;36MM;156.83;;;
965;CHAVE COMBINADA GEDORE 38MM;38MM;164.30;;;
2101;CHAVE COMBINADA GEDORE 41MM;41MM;232.34;;;
1253;CHAVE COMBINADO 19MM;19MM;42.25;;;
2236;CHAVE DE BIELA 10MM;10MM;23.92;;;
2237;CHAVE DE BIELA 12MM;12MM;25.71;;;
2238;CHAVE DE BIELA 13MM;13MM;28.28;;;
2239;CHAVE DE BIELA 15MM GEDORE;15MM;29.99;;;
2235;CHAVE DE BIELA 8MM;08MM;24.85;;;
2107;CHAVE DE FENDA GEDORE 06X150MM (1/4X6);06X150MM (1/4X6);14.04;;;
4079;CHAVE DE IMPACTO 1'' 33MM LONGA;1'' 33MM;130.00;;;
4078;CHAVE DE IMPACTO LONGA 34MM 1'';6579;115.00;;;
17;CHAVE GERAL MAQUINAS 24V;;167.00;;;
1663;CHAVE MAGNETICA 32A RELÉ TERMICO 17~25A 220V;CP22525;315.00;;;
1197;"CHAVE PNEUMATICA 1"" LONGA SK -79";SK-79;2121.00;;;
4112;CHICOTE CONECTOR LANTERNA DO FAROL 2 VIAS;ETE7731;24.99;;;
4115;CHICOTE ELÉTRICO 2 VIAS;FLXCH27687;37.38;;;
3302;CHICOTE ELETRICO 5,5 CARRETA;DNI8345;161.50;;;
4111;CHICOTE REPARO ALTERNADOR 5 VIAS;ETE7599;79.50;;;
4110;CHICOTE REPARO BICO INJETOR 2 VIAS;ETE9731;19.99;;;
4109;CHICOTE REPARO BOMBA DE GASOLINA GM 2 VIA;ETE7756;43.98;;;
1113;CHUVEIRO;CCV1;21.50;;;
1188;CILINDRO BROTHER HL1212;CILINDRO BRO;80.00;;;
1196;CIMENTO VULCANIZANTE SOLUÇÃO DE BORRACHA;CIMENTO VULC;56.18;;;
4259;"CINTA PARA ANEIS DE PISTÃO Nº 1 53-125MM 3""";333,0001;63.00;;;
3146;CINTA PARA SACAR FILTRO;;21.00;;;
1205;CLIPE P/ PAPEL 4.0 CX 400UN;CLIPE P/ PAP;19.00;;;
4045;CLIPER PARA CABO DE AÇO 1';;25.00;;;
2458;"CLIPS AÇO 25 MM - 1""";;14.70;;;
4010;COLETOR SOPRADOR BG86;41441202301;42.00;;;
1491;COLUNA DE DIREÇÃO WORKER;RCD178;1233.00;;;
1455;COMPRESSOR AR D5, WEILER;320-1291;2199.00;;;CAT D5
4065;COMUTADOR CHAVE DE IGNIÇÃO 1720;IM11236S;137.00;;;MB 1720
4050;CONECTOR 16 VIAS DO MODULO MB OF1418;;0.00;;;MB 1418
2826;CONECTOR 4 VIAS;EG-7664;15.66;;;
3155;CONECTOR DO FAROL LAMPADA H1 F-4000;ETE8075;11.03;;;FORD F-4000
4294;CONECTOR ENGATE RAPIDO MACHO E FEMEA PARA MAQUINA DE SOLDA;CG 500;92.00;;;
4293;CONECTOR FEMEA 13MM ENGATE RAPIDO PARA MAQUINA DE SOLDA;CG 500;86.00;;;
4363;CONECTOR MACHO 1/4 NPT X TUBO 10MM;1/4 NPT X 10MM;18.50;;;
4362;CONECTOR MACHO 1/4 NPT X TUBO 8MM;1/4 NPT X 8MM;18.50;;;
3219;CONECTOR PARA CABO DE SOLDA CG 500;12271012;89.00;;;
2308;CONECTOR PERFURANTE 1,5-10 DERIVAÇÃO 10-95MM;10-95MM;9.00;;;
2011;CONEXÃO 45° SEDE PLANA 1/2 -8;1/2 -8;45.00;;;
3045;CONEXÃO 45° SEDE PLANA 1/4;1/4;10.00;;;
1699;CONEXÃO 45° SEDE PLANA 3/8 -6;45° 3/8 -6;35.00;;;
2007;CONEXÃO 45º SEDE PLANA -10 5/8;-10 5/8;55.00;;;
1086;CONEXÃO 45º SEDE PLANA -12 3/4;2290418;75.00;;;
384;CONEXÃO 45º SEDE PLANA 1.7X16X1 P/;26;120.00;;;
2181;"CONEXÃO 45º SEDE PLANA 1""";"SEDE PLANA 1""";97.00;;;
1702;CONEXÃO 90° SEDE PLANA 1/2 -8;90° 1/2 -8;40.00;;;
1698;CONEXÃO 90° SEDE PLANA 3/8 -6;90° 3/8 -6;35.00;;;
3046;"CONEXÃO 90º SEDE PLANA 1""";"1""";40.00;;;
548;CONEXÃO CAPA RAIADA -10 5/8;4454511;30.00;;;
2012;CONEXÃO CAPA RAIADA -4 1/4;-4 1/4;18.00;;;
385;"CONEXÃO CAPA RAIADA 1"" -16";00402-16;45.00;;;
1700;CONEXÃO CAPA RAIADA 1/2 -8;CAPA 1/2 - 8;28.00;;;
3043;CONEXÃO CAPA RAIADA 1/4;1/4;5.00;;;
386;CONEXÃO CAPA RAIADA 3/4 -12;00402-12;35.00;;;
1697;CONEXÃO CAPA RAIADA 3/8 -6;CAPA 3/8;22.50;;;
4217;CONEXÃO CURVA ENGATE RÁPIDO COMBUSTÍVEL;693.997.0172;36.00;;;
1784;CONEXÃO ENGATE RAPIDO ALUMINIO 06MM;260306M;22.50;;;
1782;CONEXÃO ENGATE RAPIDO ALUMINIO 08MM;RODO31A-DIP;24.50;;;
1783;CONEXÃO ENGATE RAPIDO ALUMINIO 10MM;260310M;21.00;;;
1781;CONEXÃO ENGATE RAPIDO METAL 12MM;260312M;27.50;;;
2854;CONEXÃO ENGATE RAPIDO METAL 16MM;16MM;25.00;;;
317;CONEXÃO ENGATE RAPIDO METAL 6MM;6MM;2.00;;;
1005;CONEXÃO ENGATE RAPIDO PLASTICO 10MM;7017A;3.10;;;
1006;CONEXÃO ENGATE RAPIDO PLASTICO 12MM;7018A;3.50;;;
2849;CONEXÃO ENGATE RAPIDO PLASTICO 14MM;14MM;4.50;;;
2852;CONEXÃO ENGATE RAPIDO PLASTICO 16MM;16MM;12.00;;;
2839;CONEXÃO ENGATE RAPIDO PLASTICO 4MM;4MM;1.90;;;
372;CONEXÃO ENGATE RAPIDO PLASTICO 6MM;6MM;6.14;;;
2845;CONEXÃO ENGATE RAPIDO PLASTICO COTOVELO 10MM;10MM;8.00;;;
2848;CONEXÃO ENGATE RAPIDO PLASTICO COTOVELO 12MM;12MM;12.00;;;
2842;CONEXÃO ENGATE RAPIDO PLASTICO COTOVELO 6MM;6MM;2.00;;;
2840;CONEXÃO ENGATE RAPIDO PLASTICO T 6MM;6MM;4.00;;;
2846;CONEXÃO ENGATE RAPIDO T ALUMINIO 10MM;10MM;79.90;;;
2838;CONEXÃO ENGATE RAPIDO T LATAL 08MM;8MM;15.00;;;
2856;CONEXÃO ENGATE RAPIDO T LATAL 16MM;16MM;29.00;;;
2844;CONEXÃO ENGATE RAPIDO T PLASTICO 10MM;10MM;7.00;;;
2847;CONEXÃO ENGATE RAPIDO T PLASTICO 12MM;12MM;8.00;;;
2851;CONEXÃO ENGATE RAPIDO T PLASTICO 14MM;14MM;16.00;;;
2853;CONEXÃO ENGATE RAPIDO T PLASTICO 16MM;16MM;13.00;;;
2837;CONEXÃO ENGATE RAPIDO T PLASTICO 8MM;8MM;2.50;;;
4299;CONEXÃO HIDRAULICA 90° SEDE PLANA 1.3/16X3/4;1.3/16X3/4;58.66;;;
2643;CONEXÃO HIDRAULICA PLANA 90° -12 3/4;3/4 -12;40.00;;;
4295;CONEXÃO HIDRAULICA RETA SEDE PLANA 1.1/4;1.1/4;0.00;;;
4298;CONEXÃO HIDRAULICA SEDE PLANA 90° 1.7/16 X 1;90° 1.7/16 X 1;52.73;;;
2393;CONEXÃO MACHO 16MMXTUBO08MM;16MMXTUBO08MM;18.50;;;
2392;CONEXÃO MACHO 16MMXTUBO10MM;16MMXTUBO10MM;19.90;;;
2394;CONEXÃO MACHO 16MMXTUBO12MM;16MMXTUBO12MM;24.00;;;
2462;CONEXÃO PLANA 1/4 45°;;25.00;;;
2461;CONEXÃO PLANA RETA -4 1/4;;20.00;;;
1427;CONEXÃO RETA SEDE PLANA -10 5/8;2288529;40.00;;;
1087;CONEXÃO RETA SEDE PLANA -12 3/4;8165-1212;45.00;;;
4297;CONEXÃO RETA SEDE PLANA 1.7/16 X 1;1.7/16 X 1;61.60;;;
2031;"CONEXÃO RETA SEDE PLANA 1"" -16";"1"" -16";65.00;;;
2191;"CONEXÃO RETA SEDE PLANA 1"" -16";"SEDE PLANA 1"" -16";45.00;;;
1703;CONEXÃO RETA SEDE PLANA 1/2 -8;1/2 -8;35.00;;;
3044;CONEXÃO RETA SEDE PLANA 1/4;1/4;8.00;;;
1705;CONEXÃO RETA SEDE PLANA 3/8 -6;RETA 3/8 -6;20.00;;;
4364;CONEXÃO T MACHO CENTRAL 8 X 16MM1 5X10 C/ORING;8 X 16MM1 5X10;37.50;;;
4366;CONEXÃO T MACHO CENTRAL RAPIDO 10MM X 16MM COMPLETO;10MMX16MM;59.90;;;
4365;CONEXÃO T MACHO CENTRAL RAPIDO 12MM X 16MM COMPLETO;12X16MM;54.90;;;
2843;CONEXÃO UNIÃO COTOVELO 10MM;10MM;22.00;;;
2113;CONEXÃO UNIÃO COTOVELO 6MM;CONE91;20.22;;;
2114;CONEXÃO UNIÃO COTOVELO 8MM;CONE92;27.15;;;
369;CONEXÃO UNIÃO PORCA E ANILHA METAL 10MM;CONE06C;11.24;;;
361;CONEXÃO UNIÃO PORCA E ANILHA METAL 12MM;CONE07C;15.24;;;
2850;CONEXÃO UNIÃO PORCA E ANILHA METAL 14MM;14MM;25.00;;;
2855;CONEXÃO UNIÃO PORCA E ANILHA METAL 16MM;16MM;28.00;;;
371;CONEXÃO UNIÃO PORCA E ANILHA METAL 6MM;CONE04C;6.14;;;
370;CONEXÃO UNIÃO PORCA E ANILHA METAL 8MM;CONE05C;9.28;;;
312;CONEXÃOENGATERAPIDOPLASTICO10M;PU 10MM;8.40;;;
311;CONEXÃOENGATERAPIDOPLASTICO12M;PU 12MM;8.40;;;
309;CONEXÃOENGATERAPIDOPLASTICO14M;PU 14MM;8.40;;;
1489;CONEXÃOENGATERAPIDOPLASTICOJOE;;4.50;;;
1594;CONEXÃOENGATERAPIDOPLASTICOT 1;T10MM;4.00;;;
307;CONEXÃOENGATERAPIDOX16M;PU 16MM;4.60;;;
1004;CONEXÃORAP 08MM COMPLETA;7016A;18.99;;;
383;CONEXÃORETA SEDE PLANA 8165-16-16;7;75.00;;;
549;CONEXÃOTERM.FEMEA FSP-16-16 GIR S;17608;49.92;;;
4227;CONJUNTO PARAFUSO DE RODA TRA;ZM4002268;34.00;;;
3389;CONTAINER PLASTICO 1000L GRADEADO RECICLADO;1000L;650.00;;;
2939;COPO FILTRO RACOR;KR27004CS;150.00;;;
4242;CORREIA AVX13X890 LA;AVX13X890 LA;108.00;;;
3379;CORREIA LISA DA PARAFUSADEIRA DE BANCADA;B-37;39.87;;;
2863;CORREIA 12.5X1075;12.5X1075;65.00;;;
2862;CORREIA 13AV X 1190;13AV X 1190;65.00;;;
1352;CORREIA 8PK1380;8PK1380;86.50;;;
2284;CORREIA 8PK1390;8PK1390;60.40;;;
2858;CORREIA 8PK1445;8PK1445;130.00;;;
2859;CORREIA 8PK1675;8PK1675;140.00;;;
612;CORREIA 8PK2020;8PK2020;130.00;;;
2860;CORREIA 8PK2295;8PK2295;120.00;;;
629;CORREIA 8PK2523 VOLKSWAGEN 17.240;8PK2523;170.00;;;
4177;CORREIA AVX13X1138;AVX13X1138 / 978722;64.90;;;
636;CORREIA AVX13X1280;AVX13X1280;60.00;;;
4178;CORREIA DENTADA AX44;AX44;89.00;;;
2864;CORREIA EM V B-97;B-97;25.00;;;
4201;CORREIA TRAPEZOIDAL 1875MM;AVX13X1875;69.00;;;
4033;CORREIA V B-37;B-17;30.00;;;
627;CORREIA8PK1625 VOLKSWAGEN CAMINHÕ;8PK1625;158.00;;;
1399;CORREIA8PK1650;8PK1650;98.00;;;
613;CORREIA8PK1800;8PK1800;140.00;;;
619;CORREIA8PK2225;8PK2225;132.00;;;
1451;CORREIA9PK2340;;161.09;;;
643;CORREIAEM V A-58;A-58;19.00;;;
1447;CORREIAEM V A-64;A-64;20.00;;;
644;CORREIAEM V A-73;A-73;18.00;;;
108;CORRENTE STIHL 42 DENTES ROLO 819D;3525-000-164;123.00;;;
1173;CORRETIVO FITA;;7.99;;;
1770;"CP FILTRO DE AR 1""";51129;99.00;;;COMPRESSOR DE AR
1760;CP FILTRO DE AR 3/4;1805188;117.00;;;COMPRESSOR DE AR
1758;CP PRESSOSTATO HORIZINTAL 125/175;52515;76.50;;;COMPRESSOR DE AR
1759;CP DRENO 1/4;1515151;25.62;;;COMPRESSOR DE AR
1771;"CP MANOMETRO 300LBS 1/2""";52075;113.00;;;COMPRESSOR DE AR
1769;CP PRESSOSTATO 125-175 4 VIAS;5005;195.00;;;COMPRESSOR DE AR
1772;CP VALVULA DE SEGURANÇA 175LBS;83232;56.15;;;COMPRESSOR DE AR
4245;CRUZETA DO CARDAN;801009;72.00;;;
4001;CRUZETA DO CARDAN DA TRAÇAO DIANTEIRA DO MERCEDES 1418;R10001;77.00;;;MB 1418
4015;CUBO RODA DIANTEIRO HILUX;IR18987C;486.00;;;TOYOTA HILUX
733;CUICA DE FREIO SIMPLES M16MM HASTE;BZ0155;150.00;;;
2781;CURVA DE ESGOTO LONGO 40MM;UN;0.00;;;
777;CURVA TIGRE 90 SOLD 25MM;17397;4.50;;;
2780;CURVA TIGRE 90 SOLD 40MM;40MM;12.00;;;
1564;CZ ABOBORA;ABOBORA;4.65;;;
2190;CZ ABRIDOR DE LATA E SACA ROLHA;15142;8.15;;;
2411;CZ AÇAFRÃO 30G;FDO 1 X 20 30G;2.91;;;
591;CZ ACHOCOLATADO EM PÓ;AC;5.99;;;
171;CZ AÇÚCAR 1KG;AÇÚCAR FD 1 X 30 1KG;3.29;;;
584;CZ AGUA SANITARIA 1LT;AGUA SANITARIA FD 1 X 12 1LT;1.99;;;
773;CZ ALHO DE CABEÇA;ALHO FRITO;24.20;;;
185;CZ ALHO TRITURADO SEM SAL 2KG;ALHO CXA 1 X 8 2KG;35.29;;;
175;CZ ARISCO 300G;ARISCO 1 X 24 300G;3.29;;;
167;CZ ARROZ 1KG;ARROZ FD X 10 1KG;4.39;;;
190;CZ AZEITE DE DENDÊ;AZEITE D;7.00;;;
1163;CZ BANANA;;135.00;;;
485;CZ BATATA;BATATA;157.00;;;
873;CZ BETERRABA;BETERRABA;4.75;;;
199;CZ BISCOITO SALT PLUS ORIGINAL BRANDINI 360G;BISCOITO SAL CX 1 X 20 360G;5.00;;;
200;CZ BISCOITO TRADICIONAL DOCE 3 EM;BISCOITO DOC;5.99;;;
1057;CZ BOMBRIL;BOMBRIL;1.69;;;
197;CZ BOTIJA DE GÁS;GÁS;130.00;;;
259;CZ BUCHO;BUCHO;12.20;;;
170;CZ CAFÉ 500G;CAFÉ FD 1 X 20 250G;14.99;;;
448;CZ CALABRESA ( PC COM 2,5KG);CALABRESA COD: 852 - 821 - 850;20.41;;;
1510;CZ CALDO KNNOR 114G;CALDO;1.94;;;
191;CZ CARNE BOVINA;CARNE;24.80;;;
2100;CZ CARNE MOIDA;;23.00;;;
1181;CZ CARNE SUINA;SUINO;17.00;;;
484;CZ CEBOLA;CEBOLA;95.00;;;
486;CZ CENOURA;CENOURA;128.00;;;
2771;CZ CIF DESENGORDURANTE 500ML;CIF;21.00;;;
1338;CZ COCO RALADO FREDÃO;COCO;3.29;;;
205;CZ COPO DESCARTAVEL 180ML PACOTE C;COPO;3.76;;;
501;CZ CORAÇÃO;CORAÇÃO;10.50;;;
177;CZ CORANTE 500G;CORANTE CX 1 X 20 500G;5.29;;;
211;CZ DESINFETANTE 500ML;DESINFETANTE;5.45;;;
210;CZ DETERGENTE LIQUIDO 500ML;DETERGENTE FD 1 X 24 500ML;2.49;;;
1066;CZ ESCOVA DE LAVAR ROUPAS;;2.69;;;
595;CZ ESPONJA DUPLA FACE;ESONJA;0.69;;;
2077;"CZ FACA 10""";SQ-2517;25.00;;;
1410;CZ FACA AÇOUGUEIRO PROFICIONAL;FACA;43.99;;;
771;CZ FARINHA;FARINHA;5.83;;;
169;CZ FEIJÃO 1KG;FEIJÃO FD 1 X 10 1KG;6.50;;;
1997;CZ FEIJÃO BRANCO 1KG;FEIJÃO BRANCO;6.15;;;
188;CZ FERMENTO BIOLOGICO;FERMENTO B;11.00;;;
187;CZ FERMENTO QUÍMICO 1KG;FERMENTO Q;5.35;;;
258;CZ FIGADO;FIGADO;12.00;;;
282;CZ FRANGO CONGELADO;FRANGO;9.60;;;
921;CZ ISQUEIRO BIC;BIC;3.49;;;
596;CZ LARANJA;LARANJA;130.00;;;
920;CZ LEITE CONDENSADO 395G;395G;5.49;;;
1608;CZ LEITE DE COCO;;8.75;;;
189;CZ LEITE EM PÓ 200G;LEITE FD 1 X 50 200G;7.39;;;
213;CZ LIMPA ALUMINIO 500ML;LIMPA ALUMINIO CX 1 X 24 500ML;1.99;;;
922;CZ LINGUIÇA TOSCANA PC C/ 2,5KG;COD: 842 - 841;15.49;;;
597;CZ MAÇÃ;MAÇÃ;5.45;;;
173;CZ MACARRÃO 500G;MACARRÃO FD 1 X 25 400G;2.65;;;
202;CZ MACARRÃO PARAFUSO 500G;MACARRÃO FDO 5 X 4 500G;4.70;;;
391;CZ MANTEIGA C/ SAL LATA 10KG;2119;448.80;;;
186;CZ MARMITA;MARMITA;0.52;;;
168;CZ MILHARINA FLOCÃO;MILHARINA FD 1 X 20 500G;1.99;;;
1047;CZ MILHO BRANCO CANJICA;MILHO FDO 1 X 20 500G;4.29;;;
201;CZ MISTURA PARA BOLO;MISTURA CX 1 X 12 450G;4.99;;;
413;CZ MOCOTO SERRADO;MOCOTO;6.30;;;
180;CZ MOLHO DE TOMATE 190G;MOLHO CXA 1 X 24 300G;2.35;;;
184;CZ MOLHO SHOYU;SHOYU CXA 1 X 24 150ML;1.79;;;
174;CZ ÓLEO DE SOJA 900ML;ÓLEO DE SOJA FD 1 X 20 900ML;8.69;;;
196;CZ OVO BRANCO UND;OVO 1CX X 360UN;0.74;;;
590;CZ PALITO DE DENTE;PALITO;0.65;;;
203;CZ PAPEL ALUMINIO;PAPEL CXA 1 X 25 ROLO;3.48;;;
208;CZ PAPEL HIGIÊNICO 04 ROLOS;PAPEL H;4.66;;;
592;CZ PAPEL TOALHA 02 ROLOS;PAPEL T;4.19;;;
1182;CZ PEIXE;PEIXE;15.00;;;
1164;CZ PEPINO;PEPINO;92.00;;;
487;CZ PIMENTÃO;PIMENTÃO;6.25;;;
526;CZ REPOLHO;REPOLHO;4.75;;;
1511;CZ RODO COM CABO;VASSOURA;18.48;;;
209;CZ SABÃO EM BARRA 500G;SABÃO BARRA CX 1 X 20 500G;3.90;;;
212;CZ SABÃO EM PÓ 500G;SABÃO EM PÓ FD 1 X 27 400G;3.99;;;
206;CZ SACO DE LIXO 100L ROLO 25UND;SACO 100;19.90;;;
593;CZ SACO DE LIXO 200L ROLO 25UND;200L;22.75;;;
207;CZ SACO DE LIXO 50L ROLO 50UND;SACO 50;7.50;;;
2200;CZ SACO DE LIXO DE 30LT;30LT;9.00;;;
176;CZ SAL 1KG;SAL FD 1 X 30 1KG;1.69;;;
183;CZ SAZON SACHE 60G;SAZON;4.99;;;
195;CZ SUCO EM PÓ CAIXA COM 18UND;SUCO CX 1 X 10 18 18G;11.50;;;
483;CZ TOMATE;TOMATE;167.00;;;
181;CZ TRIGO COM FERMENTO 1KG;TRIGO COM FERM 1 X 10 1KG;5.45;;;
182;CZ TRIGO SEM FERMENTO 1KG;TRIGO SEM FERM 1 X 10 1KG;4.39;;;
2076;CZ VASSOURA COM CABO;0100953;12.00;;;
1058;CZ VEJA MULTIUSO;VEJA CX 4 X 6 500ML;5.99;;;
172;CZ VINAGRE 500ML;VINAGRE FD 1 X 12 500ML;1.89;;;
2377;DENSIMETRO ANALISE DE COMBUSTIVEL 800/850;800/850;155.00;;;
75;DESATIVADO;ÓLEO 15W40 C;20.21;;;
4104;DESCARBONIZANTE DE CARBURADOR E BICOS INJETORES 300ML;9850117;34.83;;;
390;DESENGRIPANTE 300ML;11612;15.30;;;
559;"DIAFRAGMA DE CUICA DE FREIO 6""";40110363;22.00;;;
550;DIESEL;;6.00;;;
333;"DISCO DE CORTE 7"" X 1/16"" X 7";7 X 1/16 X 7;5.00;;;
2774;DISCO DE DESBASTE 4,5X1/4X22.2MM;4,5X1/4X22.2MM;5.20;;;
454;DISCO DE DESBASTE 180X6,0X22,23MM;2608619744;16.50;;;
1543;DISCO DE SERRA CIRCULAR PARA MADEI;"7.1/4""X20MM";42.00;;;
452;DISCO FLAP GRÃO 80 115X22,23MM 4 1;2608619290;8.00;;;
453;DISCO FLAP GRÃO 80 180X22,23MM 7TT;2608619294;22.00;;;
4105;DISCO FREIO DIANTEIRO VOLVO L70E/FL60F;15023672;348.93;;;
2776;DISCO SERRA CIRCULAR 7.1/4 COM 60 DENTES;2608640854;250.00;;;
2305;DISJUNTOR BIPOLAR 25AMP;25AMP;31.11;;;
2306;DISJUNTOR MONO 40AMP;40AMP;11.11;;;
3217;DISJUNTOR TRIFASICO 100A 6KA DIN TAF;100A 6KA DIN TAF;126.00;;;
2687;DISJUNTOR TRIFASICO 200 AMPERES;E04-102003;310.00;;;
1488;DISJUNTOR TRIFASICO 415V ~ 50/60HZ;TDJ3;65.00;;;
2313;DOBRADIÇA;;3.00;;;
1368;DOBRADIÇA 1/2;DOBRADIÇA;9.90;;;
4279;DOBRADIÇA PORTA CADEADO 3,5POL;30033;7.10;;;
1788;DRENO DO BALÃO DE AR 22 MM;CTC-VD0426;15.07;;;
1129;ELEMENTO FILTRANTE PARA BEBEDOURO PARA FILTRO DE ENTRADA 9.3/4;ELEMENTO FIL;40.00;;;
1559;ELEMENTO FILTRANTE PARA FILTRO DES;;60.00;;;
2286;ELETRODO 6013 3,25;6013;0.77;;;
2269;ELETRODO ALUMINIO OK AISI12 3.2X 350MM;OK AISI12 3.2X 350MM;8.46;;;
893;ELETRODO DE CARVÃO 1/4 X 12;1/4 X 12;2.99;;;
1886;ELETRODO DS-18 7018 2.25MM;7018 2.25MM;0.38;;;
887;ELETRODO DS-18 7018 3.25MM;DS18 7018 3.;0.37;;;
912;ELETRODO DURO 450X4.00MM DS-500 ST;450X4.00MM;50.00;;;
686;ELETRODO E6013 2,50;E6013;18.00;;;
1854;ELETRODO E6013 4,0MM;E6013400;0.72;;;
544;ELETRODO E7018 4.00MM;6198;0.70;;;
1888;ELETRODO FERRO FUNDIDO UTP 8;UTP8;630.00;;;
545;ELETRODO OK 61.30 2,5MM- CROMO NIQUEL;OK 61.30;0.65;;;
2363;ELETRODO OK 61.30 3,25MM- CROMO NIQUEL;OK 61.30 3,25MM;125.00;;;
4122;EMBREAGEM DO COMPRESSOR ESTRIADA;;104.50;;;
4083;EMBREAGEM DO COMPRESSOR 7H15 EIXO CHAVETA - 125015;DI125015;49.11;;;
1931;ENGATE AUTOMATICO BOCA DE LOBO;1870120000;2850.00;;;
1114;ENGATE FLEXEVEL PARA DESCARGA DE V;EN40;7.50;;;
2481;ENGATE RAPIDO M22 COMPLETO;M22;37.50;;;
4114;ENGATE RÁPIDO PRESSÃO DE BAIXA QCLA;20003.1001.65;32.00;;;
1273;ENGRANAGEM MOVEL 36 DENTES;EMBRAGEM;1273.62;;;
1366;ENGRANAGEM PARA COMPREESSOR 2CIL 8;;431.00;;;
699;ENXADA LARGA S/ CABO;ENXADA;54.00;;;
1161;EPI ABAFADOR AUDITIVO L-320C ACOPL;ABAFADOR;59.50;;;
1149;EPI ADAPTADOR DE CAPACETE;ADAPTADOR 2;36.70;;;
1153;EPI AVENTA DE RASPA (SOLDADOR);AVENTA DE RA;40.00;;;
926;EPI AVENTAL PCV IMPERMEAVEL;AVENTAL;20.00;;;
927;EPI AVENTAL PCV IMPERMEAVEL TRANSP;AVENTAL 2;20.00;;;
1154;EPI AVENTAL TERMICO;CA 29046;184.00;;;
1152;EPI AVENTAL VINIL TIRA SOLDADA;CA44668;8.90;;;
933;EPI BONE ARABE;BONÉ;19.00;;;
923;EPI BOTA BICO COMPOSITE;EPI;55.90;;;
1162;EPI BOTA COTURNO BICO PVC;CA27562;160.00;;;
1169;EPI BOTA PVC IMPERMEAVEL BRACOL;CA37456;38.50;;;
1139;EPI CALÇA MFA;;185.00;;;
1141;EPICAMISA;CAMISA;72.00;;;
1130;EPICAPACETE DE SEGURAÇA S/ JUGULA;CA31469;50.00;;;
1145;EPICARNEIRA PARA CAPACETE;65069090;4.50;;;
1138;EPICHAPEU DE PALHA ABA;;13.60;;;
1147;EPIJUGULAR SILICONE;CA31469-1;1.50;;;
1146;EPIJUGULAR TECIDO -CAMPER;JUGULAR;3.35;;;
1148;EPILENTE TELADA;LENTE TELADA;28.00;;;
1140;EPILUVA ANTIVIBRAÇÃO GORILA;CA38257;60.35;;;
1136;EPILUVA DE MALHA PIGUIMENTADA;0;1.80;;;
928;EPILUVA LATEX C/LONGO PAR;LUVA LATEX;11.90;;;
1137;EPILUVA MOTOSSERISTA;CA25636;35.98;;;
1142;EPILUVA QUIMICA GRUPO 3;GRUPO TRES;6.70;;;
1131;EPILUVA RANHURADA D 2020;3;9.90;;;
929;EPILUVA RASPA C/CURTO PAR;LUVA RASPA;11.80;;;
1134;EPILUVA SOLDA;LUVA SOLDA;32.60;;;
830;EPILUVA TATIL BLACK;56929;4.50;;;
936;EPILUVA TERMICA CREME PARA MÃOS;;20.00;;;
925;EPILUVA VINIL CAIXA/100UND;LUVA VINIL;13.00;;;
1150;EPIMASCARA DESCARTAVEL;MASCARA 1;4.90;;;
831;EPIMASCARA PFF2 S/F;2669;0.99;;;
832;EPIOCULOS FENIX FUME;22515;3.75;;;
930;EPIOCULOS FENIX INCOLOR;OCULOS FENIX;3.75;;;
1135;EPIPERNEIRA 3T PRETA;CA44234;22.70;;;
1132;EPIPROTETOR AURICULAR 14DB;CA35981;0.85;;;
932;EPIPROTETOR SOLAR FPS60 120G;PROTETOR S;11.40;;;
1155;EPISAPATO IMPERMEAVEL BRANCO;CA 38590;74.00;;;
924;EPITOUCA DESCARTAVEL BRANCA PCT/1;TOUCA;9.60;;;
3330;ESCAPEMENTO COMPLETO MOTOR ESTACIONARIO MWM 4CIL;;2487.00;;;
2314;ESCAPULA DE REDE 110KG;;10.00;;;
2775;ESCOVA COPO 100X14;05037255;37.00;;;
2469;ESCOVA DE AÇO MANUAL;05029910;9.00;;;
1351;ESCOVA DE AÇO ROTATIVA 100MM;ESCOVA DE AÇ;30.00;;;
2209;ESCOVA DE LAVAR ROUPA;DF;4.00;;;
1775;ESGUICHO REGULAVEL PARA LAVAGEM;4584;68.00;;;
1109;ESMALTE SINTETICO INDUSTRIAL 3,6L;5940;185.70;;;
1367;"ESMERIL MINI RETIFICA RETA 1/4""";701061500;195.00;;;
1674;ESMERILHADEIRA BOSCH GWS220-180 22;GWS220-180;1115.60;;;
2043;ESPIGÃO 1/4 X 10MM FEMEA;1/4X10MMF;2.50;;;
2040;ESPIGÃO 1/4 X ROSCA 16MM;1/4X16MM;2.50;;;
1115;ESPUDE PARA LIGAÇÃO CAIXA AO VASO;BSS;6.50;;;
3221;ESQUADRO 300 MM;43171012;95.00;;;
1591;EST AUTOMATICO DE PARTIDA;ZM531;169.22;;;MOTOR ESTACIONARIO MWM
1219;EST BOMBA DE ÁGUA ASPIRADO D229 4C;922987310016;335.00;;;MOTOR ESTACIONARIO MWM
1372;EST CORREIA 13AV1190;903460211190;55.00;;;MOTOR ESTACIONARIO MWM
1371;EST CORREIA 13AV1250;903460211250;55.00;;;MOTOR ESTACIONARIO MWM
470;EST FILTRO DE AR MWM 4/3 CIL;905412970059;47.50;;;MOTOR ESTACIONARIO MWM
435;EST FILTRO DE COMBUSTIVEL ELEMENTO - MWM;905411420009 / KX43;16.34;;;MOTOR ESTACIONARIO MWM
106;EST FILTRO LUBRIFICANTE 3 E 4 CIL - MWM;905411880012;168.00;;;MOTOR ESTACIONARIO MWM
944;EST JOGO DE ESCOVAS (2UND);F000.611.091;33.20;;;MOTOR ESTACIONARIO MWM
1590;EST MOTOR DE PARTIDA 12 V;ZEN 31030;902.45;;;MOTOR ESTACIONARIO MWM
902;EST RETENTOR VIRABREQUIM VOLANTE /GMWM 4CLI;922988560044;70.00;;;MOTOR ESTACIONARIO MWM
1242;EST TUBO CANO INJETOR 4° CILINDRO;632509060425;143.63;;;MOTOR ESTACIONARIO MWM
2208;ESTANHO EM FIO 500G FIO 1,0MM;500G FIO 1,0MM;164.00;;;
1175;ESTILETE 18MM;;2.55;;;
1558;ETIQUETA 100X110 PAPEL POLIETILENO;100X110;230.45;;;
3059;EXTENSÃO VALVULA DE CAMINHÃO;R-R7382I;15.00;;;
1448;EXTINTOR ABC 4KG;;300.00;;;
4208;F-400 JUNTA DO CABEÇOTE F-4000 F-350 2013>;60.280-ML;298.00;;;FORD F-4000
4220;F-4000 ACIONADOR AUTOMATICO DO FREIO (T) F400,200,4000;BE1Y2K178A / MG-2076;102.59;;;FORD F-4000
4223;F-4000 ALAVANCA DE ACIONAMENTO DO FREIO LE;2A638A;46.51;;;FORD F-4000
4222;F-4000 ALAVANCA DO ACIONAMENTO DO FREIO DE MÃO LD;2P0798251;46.51;;;FORD F-4000
4218;F-4000 BURRINHO DE FREIO TRAS. LD/LE F4000;CC3340/CC3339;206.16;;;FORD F-4000
4367;F-4000 CILINDRO MESTRE ESCRAVO AUXILIAR DE EMBREAGEM COMPLETO FORD;5200018;695.00;;;FORD F-4000
4372;F-4000 ESPELHO RETROVISOR LD F4000;M026B;82.00;;;FORD F-4000
4224;F-4000 HASTE DE ACIONAMENTO DA SAPATA DE FREIO;BD2Y2108A;59.69;;;FORD F-4000
4219;F-4000 JOGO DE MOLA DO FREIO 70MM;2P0698283-A / MG-2033;45.68;;;FORD F-4000
4215;F-4000 KIT 6 PEÇAS COXIM DA CABINE F4000;R232A;2079.00;;;FORD F-4000
4213;F-4000 LONA DE FREIO 1X F4000;TH 93X;106.04;;;FORD F-4000
4212;F-4000 PASTILHA DE FREIO DIANTEIRA F4000;RCPT04290;146.95;;;FORD F-4000
4311;F-4000 POLIA DA HELICE F4000 2012...;3914460;600.00;;;FORD F-4000
4305;"F-4000 PORCA DO EIXO TRASEIRO F4000 2""X16FPPX8MM";02989067;36.31;;;FORD F-4000
4214;F-4000 PURIFICADOR DE AR SEM ELEMENTO F4000;EC359600AC;974.00;;;FORD F-4000
4209;F-4000 RESERVATORIO DE AGUA RADIADOR F4000;6C36 8A080 AC;283.00;;;FORD F-4000
4312;F-4000 ROLAMENTO DA HELICE F4000 MOTOR CUMMINS;BD35-12AT12DDUS8;350.00;;;FORD F-4000
4307;F-4000 ROLAMENTO RODA TRASEIRA EXTERNA F4000;32011X;65.50;;;FORD F-4000
4308;F-4000 ROLAMENTO RODA TRASEIRO EXTERNO MAIOR F4000;TIMKEN 39590-39520;194.18;;;FORD F-4000
4221;"F-4000 SAPATA DE FREIO TRASEIRA 13""X3 1/2"" F4000";"13"" 3 1/2""";107.00;;;FORD F-4000
4306;F-4000 TRAVA ARANHA DO CUBO TRASEIRO 54MM X 2MM F4000;54MM X 2MM;4.00;;;FORD F-4000
4276;F4000 CILINDRO DE RODA TRASEIRO ESQUERDO;C-3339;202.00;;;FORD F-4000
4275;F4000 REGULADOR DO FREIO MANUAL LD;2A046A / MG-2051;88.00;;;FORD F-4000
116;"FACÃO CABO DE MADEIRA 18""";FAC;65.00;;;
141;FAROL DE LED QUADRADO FINO 9 LEDS;0GTL-0103BR;41.84;;;
755;FAROL PRINCIPAL LADO DIREITO/ESQUE;F38V;192.00;;;
2770;FAROL QUADRADO SEM MEIA LUZ H1;1009533;135.00;;;
1369;FERROLHO REDONDO;FERROLHO;10.85;;;
1996;FILME PVC 0,28X15M;FILME PVC 1 X 20 0,28X15M;3.29;;;
4074;FILTRO ACUMULADOR DE FREIO 1L 210 BAR;17258321;1100.00;;;
4058;FILTRO AR CONDICIONADO CARREGADEIRA L90;P500194;0.00;;;VOLVO L90
4059;FILTRO AR CONDICIONADO VOLVO;P500195 / 11703980;0.00;;;
4057;FILTRO AR EXTERNO 61-2499;6I-2499;0.00;;;
4064;FILTRO COMBUSTÍVEL MOTOR;P557440;0.00;;;
4066;FILTRO COMBUSTÍVEL WK950/13;WK950/13;0.00;;;
4197;FILTRO COMBUSTÍVEL WK950/21;WK950/21;108.00;;;
4061;FILTRO DA TRANSMISSAO VOLVO L90F /L60F /L110F;11448509;229.00;;;VOLVO L90F
4055;FILTRO DE AR 14/18;C 20325/2;0.00;;;
4011;FILTRO DE AR BG 86 MS 661;42411404404;48.00;;;STIHL MS 661
4056;FILTRO DE AR INTERNO SECUNDARIO;6I25000 000;0.00;;;
427;FILTRO DE COMBUSTÍVEL;WK962/7;100.00;;;
425;FILTRO DE COMBUSTÍVEL DIESEL ELEMENTO S-10 CHEVROLET;WF10226;48.00;;;
4085;FILTRO DE COMBUSTÍVEL, CARTUCHO SEPARADOR DE ÁGUA;P551430;0.00;;;
4194;FILTRO DE ÓLEO DO MOTOR W1323;W1323;102.00;;;
4089;FILTRO DE ÓLEO HIDRAULICO F1000 E10H02;E10H02;68.50;;;
438;FILTRO DE OLEO HIDRAULICO HX15 CAI;HX15;20.00;;;
1500;FILTRO DE ÓLEO LUBRIFICANTE;OC236;60.00;;;
4106;FILTRO DE ÓLEO LUBRIFICANTE DONALDSON;P554004;160.00;;;
4086;FILTRO DE ÓLEO W7143;W 7143;40.06;;;
4200;FILTRO DO COMBUSTÍVEL WK954/2X;WK954/2;91.80;;;
4080;FILTRO HIDRÁULICO 1R0735 5230 525 527 P/ TRATOR;P550523;0.00;;;
2969;FILTRO LUBRIFICANTE;P550428;56.00;;;
1094;FILTRO LUBRIFICANTE F-4000;OC 60;56.00;;;FORD F-4000
4073;FILTRO PARA ÓLEO COMBUSTÍVEL 1/2 L;BFU 707;0.00;;;
1184;FILTRO REGULADOR DE AR COMPRESSOR;8975707032;100.00;;;
403;FILTRO SECADOR P/ VOLVO L45F A L350F, A25D A A60H, BL60B;DS200130;350.00;;;
400;FILTRO SECADOR UNIVERSAL O'RING 5/8 X 3/8;RC.150.128;105.00;;;
1375;FILTRO SEPARDOR DE ÁGUA;WK 1156;139.00;;;
2300;FIO ELETRICO 2,5MM BRANCO;2,5MM;2.14;;;
778;FIO ELETRICO 4MM;2714;2.77;;;
2301;FIO ELETRICO 6MM VERMELHO;6MM;5.77;;;
1222;FIO PARALELO 1X1,5MM;CABO FIO;1.31;;;
1203;FITA ADESIVA TRANSPARENTE DUREX;FITA ADESIVA;14.50;;;
2109;FITA CREPE 18X40MTS;;6.50;;;
1204;FITA DEMARCAÇÃO70X150;FITA DEMARCA;24.99;;;
1225;FITA ISOLANTE 18MM X 10M;FITA;5.00;;;
2089;FITA ISOLANTE ALTA FUSÃO 19MM X 10MT;7150002;47.00;;;
2088;FITA ISOLANTE TECIDO 19MM X 10MT;9850020010;23.50;;;
2309;FIXA FIO 10/12;10/12;5.55;;;
2788;FLANGE PARA CAIXA DAGUA 40X 1.1/4;40X 1.1/4;30.00;;;
99;FLUIDO DE FREIO DOT 4 500ML;DOT 4;18.25;;;
1286;FOGÃO 4 BOCAS;FOGÃO;599.00;;;
1167;FOGAO 5 BOCAS;;3700.00;;;
3273;FOLHA DE ACRILICO CRISTAL 10,00 X 2050 X 3050 MM C/ UV 2 LADO;10,00 X 2050 X 3050;1091.00;;;
2442;FORD ACIONADOR REPARO DO FREIO;MG2076 / MG2075;97.00;;;FORD F-4000
2446;FORD ALAVANCA DO FREIO;MG2108 / MG2107;44.00;;;FORD F-4000
2439;FORD ALTERNADOR 12V 80A;FORD;2771.08;;;FORD F-4000
3074;FORD AMORTECEDOR CAPO DIANTEIRO F4000;XC35-16C826-AA;95.00;;;FORD F-4000
2421;FORD AMORTECEDOR DIANTEIRO;MON-27283;264.04;;;FORD F-4000
2437;FORD AMORTECEDOR DO CAPU MOTOR;XC35-16C826-AA;320.00;;;FORD F-4000
2420;FORD AMORTECEDOR TRASEIRO;MON-54519;282.07;;;FORD F-4000
2436;FORD AUTOMATICO DO MOTOR DE PARTIDA;ZEN-76972;365.33;;;FORD F-4000
2417;FORD BIELETA DA BARRA ESTABILIZADORA DIREITA;TRW;174.94;;;FORD F-4000
2418;FORD BIELETA DA BARRA ESTABILIZADORA ESQUERDA;TRW;174.94;;;FORD F-4000
2426;FORD BUCHA DA MOLA TRASEIRA FURO 20MM P/ DIANT;IAB-3144;38.77;;;FORD F-4000
2427;FORD BUCHA DA MOLA TRASEIRA P/ TRAS;IAB-3113;37.02;;;FORD F-4000
2428;FORD BUCHA DA MOLA TRASEIRA/JUMELO;IAB-3291;43.40;;;FORD F-4000
2429;FORD BUCHA DO FEIXE DE MOLA DIANTEIRO P/ DIANT;AXI-011.0875;55.46;;;FORD F-4000
3072;FORD BUCHA MOLA TRASEIRA DA SUSPENSÃO;IABV3113;50.00;;;FORD F-4000
3070;FORD BUCHA MOLA TRASEIRA P/ DIANTEIRA F4000;IABV3112;50.00;;;FORD F-4000
3071;FORD BUCHA MOLA TRASEIRA P/ DIANTEIRA F4000;IABV3144;50.00;;;FORD F-4000
2808;FORD CARTER DO MOTOR F4000;5302123;650.00;;;FORD F-4000
2425;FORD CILINDRO DE FREIO TRASEIRO;F-4000;190.53;;;FORD F-4000
2438;FORD CORREIA DO ALTERNADOR;8PK-1545;130.99;;;FORD F-4000
2803;FORD COXIM DO COMBIO F4000;R-541;269.00;;;FORD F-4000
1296;FORD CRUZETA CARDAN - F-4000;R10000;89.00;;;FORD F-4000
2422;FORD CRUZETA DO CARDAN;5263X;85.80;;;FORD F-4000
1621;FORD CUBO RODA DIANT C/ROLAMENTO - F4000;AL-59;939.00;;;FORD F-4000
1405;FORD DISCO DE FREIO DIANTEIRO F-4000;BD4078;830.00;;;FORD F-4000
3066;FORD FAROL DA F4000 L/E;FD25L;250.00;;;FORD F-4000
2435;FORD FAROL H4 C/ PISCA CRISTAL;FD-182-LD;580.66;;;FORD F-4000
2434;FORD FAROL H4 ESQ C/PISCA CRISTAL;FD182-LE;580.66;;;FORD F-4000
3137;FORD FECHADURA DO CAPO F-4000;5C3A16700;580.00;;;FORD F-4000
2414;FORD FILTRO COMBUSTIVEL C/ SANGRADOR;KC0018;39.60;;;FORD F-4000
2430;FORD FILTRO COMBUSTIVEL SEPARADOR;WK940/24;86.56;;;FORD F-4000
52;FORD FILTRO DE AR F4000;C 17 308;150.00;;;FORD F-4000
441;FORD FILTRO DE COMBUSTÍVEL BLINDADO TECFIL F-4000;PSC496;48.00;;;FORD F-4000
2791;FORD FILTRO DE COMBUSTIVEL F4000;WK842;65.00;;;FORD F-4000
440;FORD FILTRO DE COMBUSTIVEL TECFIL F-4000;PEC3084;120.00;;;FORD F-4000
2492;FORD FILTRO DE ÓLEO LUBRIFICANTE - F-4000;OC 333;28.70;;;FORD F-4000
434;FORD FILTRO DE OLEO LUBRIFICANTE F4000;W940/18;35.00;;;FORD F-4000
2413;FORD FILTRO LUBRIFICANTE;OC0060;39.66;;;FORD F-4000
3068;FORD FILTRO SEPARADOR COMB F4000;WK940/24;120.00;;;FORD F-4000
2931;FORD GRADE CHURRASQUEIRA F4000;87082100;655.00;;;FORD F-4000
2445;FORD HASTE DE ACIONAMENTO DO FREIO MÃO;MG-2131;56.42;;;FORD F-4000
2447;FORD IGNIÇÃO F4000;4C341522050;155.38;;;FORD F-4000
2443;FORD JOGO DE MOLAS DO FREIO;MG-2035 / BC7A2A094B;43.11;;;FORD F-4000
2623;FORD JOGO DE MOLAS DO FREIO;BF2Y2KO35A;48.80;;;FORD F-4000
2432;FORD KIT COXIM CABINE/CARROCERIA;R-232;321.48;;;FORD F-4000
3073;FORD KIT COXIM DO RADIADOR F4000';R-232;350.00;;;FORD F-4000
2440;FORD LANTERNA TRASEIRA TRICOLOR C/ VIGIA;PRA-PL0440;62.57;;;FORD F-4000
2795;FORD LONA DE FREIO L-577;L-577;27.00;;;FORD F-4000
2622;FORD LONA DE FREIO TRASEIRA - F-4000;;168.00;;;FORD F-4000
2423;FORD LUVA DO CARDAN ESTRIADA;CZ254 / 331601 KXS;374.00;;;FORD F-4000
2793;FORD MANCAL CUBO DIANTEIRO F4000;C11F663P;385.00;;;FORD F-4000
2968;FORD MANGUEIRA DO INTERCOLLER F4000;41700022;75.00;;;FORD F-4000
3138;FORD MANIVELA DE LEVANTAR O VIDRO;F37Z-1023342-A 1X;70.00;;;FORD F-4000
2433;FORD MAQUINA DO VIDRO ESQUERDA MANUAL;ZIN-5226;394.76;;;FORD F-4000
4116;"FORD PALHETA PARABRISAS 550MM/22"" F4000";BOSCH AF22;39.51;;;FORD F-4000
2415;FORD PASTILHA DE FREIO DIANTEIRA F4000;N146;25.00;;;FORD F-4000
3024;FORD PINO GUIA PINÇA DE FREIO F4000;MG2019;30.00;;;FORD F-4000
2794;FORD PINO PARA CILINDRO DE FREIO F4000;MG-2082;8.50;;;FORD F-4000
2424;FORD PONTEIRA DO CARDAN ESTRIDA;PT1018;432.50;;;FORD F-4000
2412;FORD PURIFICADOR DE AR;6C359600;740.66;;;FORD F-4000
2444;FORD REGULADOR DE FREIO TRASEIRO;MG-2054 / MG-2051;85.07;;;FORD F-4000
2419;FORD RETENTOR DIFERENCIAL/PINHÃO;ARR-05972;22.89;;;FORD F-4000
2603;FORD RETENTOR DO CUBO DE RODA TRASEIRO F-4000;01923 BG 82,5 X 114,3 X 12,7MM;83.00;;;FORD F-4000
2604;FORD RETENTOR DO PINHÃO F-4000;5972;198.00;;;FORD F-4000
1300;FORD RETENTOR PINHÃO DIFERENCIAL TRASEIRO F4000;5972 BAGGEP;45.00;;;FORD F-4000
2805;FORD ROLAMENTE DE CENTRO F4000 - 13.190;801177;305.00;;;FORD F-4000
1302;FORD ROLAMENTO DE CENTRO 40MM - F-4000;R-1041;272.42;;;FORD F-4000
2605;FORD ROLAMENTO DO DIFERENCIAL LAD CAIXA SATELITE F-4000;KM802048.M802011;164.08;;;FORD F-4000
2607;FORD ROLAMENTO DO DIFERENCIAL/PINHÃO F-4000;802608;268.00;;;FORD F-4000
2606;FORD ROLAMENTO DO DIFERENCIAL/PINHÃO MAIOR F-4000;802704;143.00;;;FORD F-4000
2621;FORD SAPATA DE FREIO TRASEIRA - F-4000;;98.00;;;FORD F-4000
2431;FORD TAMBOR DE FREIO TRASEIRO F4000;RPTA02810009;915.70;;;FORD F-4000
2416;FORD TAMPA DO TANQUE ROSCA COM VALVULA;TC1014;69.04;;;FORD F-4000
2441;FORD TENSOR DA CORREIA DO ALTERNADOR;ZEN-13162;434.34;;;FORD F-4000
1166;FREEZER DUAS PORTAS DE 513L;H550;3899.00;;;
2376;FURADEIRA BOSCH GBM600RE 5/8 850W 220V;06011B00E0;1368.00;;;
2081;FUSIVEL DE LAMINA 05A - MINI;DNI317005;0.47;;;
680;FUSIVEL DE LAMINA 10 AMPERES MEDIO;DNI316010;0.47;;;
2082;FUSIVEL DE LAMINA 10A - MINI;DNI317010;0.47;;;
681;FUSIVEL DE LAMINA 15 AMPERES MEDIO;DNI316015;0.47;;;
2080;FUSIVEL DE LAMINA 15A - MINI;DNI317015;0.47;;;
682;FUSIVEL DE LAMINA 20 AMPERES MEDIO;DNI316020;0.47;;;
2084;FUSIVEL DE LAMINA 20A - MINI;DNI317020;0.47;;;
683;FUSIVEL DE LAMINA 25 AMPERES TRANS;25AMP;0.47;;;
2086;FUSIVEL DE LAMINA 25A - MINI;DNI317025;0.47;;;
684;FUSIVEL DE LAMINA 30 AMPERES MEDIO;DNI316030;0.47;;;
2085;FUSIVEL DE LAMINA 30A - MINI;DNI317030;0.47;;;
1787;FUSIVEL DE LAMINA 40 AMPERES;40AMP;0.91;;;
2815;FUSIVEL DE LAMINA 40 AMPERES GRANDE;AMS18040;15.00;;;
679;FUSIVEL DE LAMINA 5 E 7 MEDIO;DNI316005;0.64;;;
2817;FUSIVEL DE LAMINA 60 AMPERES GRANDE;H-3060;14.00;;;
2816;FUSIVEL DE LAMINA 70 AMPERES GRANDE;H-3070;18.00;;;
2825;FUSIVEL MEGA 125A;H-80125;29.00;;;
1096;GALÃO BIDÃO GASOLINA E ÓLEO;2EM1;190.00;;;
4331;GARFO ALUM. BATIDO 44CM;102777;23.99;;;
1501;GARRAFA TERMICA 12L;12L;130.00;;;
198;GARRAFA TERMICA 5L;GARRAFA;45.00;;;
237;GÁS ECOMATE REFRIGERANTE DUGOLD ONU1243 1KG;100264906 / ONU1243;80.00;;;
1810;GÁS REFRIGERAÇÃO R134A 13,6KG;R134A;999.00;;;
697;GASOLINA;;5.19;;;
1986;GIROFLEX LED 12/24V;TRL408012;199.00;;;
115;GIZ AZUL (12 UNIDADES);GIZ AZUL;16.50;;;
114;GIZ BRANCO (12 UNIDADES);GIZ BRANCO;16.50;;;
1244;GRAMPEADOR DE MESA 11,5 CM;GRAMPEADOR;18.00;;;
1097;GRAMPEADOR MANUAL PESADO TR150 STA;TR150;163.00;;;
702;"GRAMPO DE MOLA TIPO ""C"" SEMI-REBOQ";;230.00;;;
2887;"GRAMPO DO MOLEJO DE 7/8"" X 92MM X 400MM";GRAM16A;45.00;;;
1098;GRAMPO PARA GRAMPEADOR 3/8 10MM ST;TRA706T;19.45;;;
1245;GRAMPOS GALVANIZADOS 26;93010;7.50;;;
1185;GRAVADOR ELETRICO PARA METAIS;290-01;0.00;;;
15;GRAXA AUTOMOTIVA MARFAK MP2 20KG;41400124;865.00;;;
1344;GRAXEIRO 10MM 45°;45°;5.00;;;
4239;GRAXEIRO 10MM 90º;10MM 90º;2.50;;;
1994;GRAXEIRO 10MM RETO;GRAXEIRO10MM;2.02;;;
1672;GRUPO GERADOR B4T 3500 110/220V PM;B4T 3500;3110.00;;;
2296;HASTE 70MM X 1,5MT;70MM X 1,5MT;4740.00;;;
1800;HASTE CROMADA TEMPERADA 65MM X 1MT AÇO 4140;HASTE;2100.00;;;
1105;HILUX AMORTECEDOR DIANTEIRO 2005;341372;222.40;;;TOYOTA HILUX
2216;HILUX AMORTECEDOR SUSPENSAO DIANTEIRO;HG31144;226.96;;;TOYOTA HILUX
4346;HILUX ALTERNADOR HILUX 2.8 DIESEL 2016....;50024VLP;1656.00;;;TOYOTA HILUX
4041;HILUX AMORTECEDOR SUSPENÇÃO DIANTEIRO;HG41358;296.76;;;TOYOTA HILUX
4034;HILUX AMORTECEDOR TRASEIRO 2020;HG41359;188.82;;;TOYOTA HILUX
4225;HILUX ANEL SEMI EIXO TRASEIRO HILUX PTBULL 2008>;4242371010;38.46;;;TOYOTA HILUX
4233;HILUX ATUADOR DA TURBINA 12V TOYOTA DENSO;89674-71020/235600/0200;1500.00;;;TOYOTA HILUX
2638;HILUX AUTOMATICO MOT.PART - 2023;ZM3978;430.00;;;TOYOTA HILUX
4013;HILUX BICO INJETOR 2013;2367039475;3984.00;;;TOYOTA HILUX
2639;HILUX BICO INJETOR AUXILIAR PÓS-TRATAMENTO (DPF) - 2023;23707-11010;2500.00;;;TOYOTA HILUX
3060;HILUX BICO PARA PNEU SEM CAMARA;TR414;10.00;;;TOYOTA HILUX
3307;HILUX BOMBA DE ESGUICHO DE ÁGUA;853300K011;285.00;;;TOYOTA HILUX
4268;HILUX BUCHA BANDEJA SUPERIOR DIANTEIRA;BR10001102716;59.00;;;TOYOTA HILUX
2798;HILUX BUCHA DA MOLA TRASEIRA;IABV-3136;71.00;;;TOYOTA HILUX
2264;HILUX CARDAN 2023;LNG 41-527;1750.00;;;TOYOTA HILUX
4186;HILUX CILINDRO DE FREIO TRASEIRO D/E HILUX TODAS;26679;218.65;;;TOYOTA HILUX
4228;HILUX CILINDRO DE RODA TRASEIRO;C-3531;170.00;;;TOYOTA HILUX
767;HILUX COIFA HOMOCINETICA LADO CAMBIO - HILUX 2022;50669;46.50;;;TOYOTA HILUX
4198;HILUX COMPRESSOR AR 7PK HILUX 2015 2016 2017 2018;BC4471102430;1348.32;;;TOYOTA HILUX
4019;HILUX COMPRESSOR DO AR CONDICIONADO - HILUX 2023;BC4471102430;1354.39;;;TOYOTA HILUX
4018;HILUX CONDENSADOR - HILUX 2023;BC4477703241RC;1076.61;;;TOYOTA HILUX
2123;HILUX CORREIA 7PK2045;7PK2045;173.16;;;TOYOTA HILUX
608;HILUX CORREIA ALTERNADOR (7PK1515);7PK1515;80.00;;;TOYOTA HILUX
2797;HILUX COXIM DA SUSPENSÃO TRASEIRA;R-8002;32.00;;;TOYOTA HILUX
4249;HILUX COXIM DO CAMBIO HILUX 2.8 2016....;123710L240;321.00;;;TOYOTA HILUX
4248;HILUX COXIM DO MOTOR HILUX 2.8 16V TURBO 2016 A 2021;123610L020D;157.00;;;TOYOTA HILUX
2796;HILUX COXIM SUSPENSÃO TRASEIRA;R-8001;22.00;;;TOYOTA HILUX
1688;HILUX CRUZETA;HCZ121;50.00;;;TOYOTA HILUX
4098;HILUX CRUZETA DO CARDAN DI/TR ANO 2020;3740198001;95.32;;;TOYOTA HILUX
4226;HILUX CUBO DE RODA DIANTEIRO HILUX 2017 A 2023 2.7 2.8;IR18987C;472.27;;;TOYOTA HILUX
2213;HILUX DEFLETOR DO DIFERENCIAL 2023;250545;150.00;;;TOYOTA HILUX
4229;HILUX FECHADURA L. DA TAMPA TRASEIRA;657900K010;408.00;;;TOYOTA HILUX
815;HILUX FILTRO DE AR DO MOTOR - 2023;C330171 / LX4368 / JFA-0282;61.00;;;TOYOTA HILUX
1562;HILUX FILTRO DE AR DO MOTOR - HILUX 2013;C23107/1;74.35;;;TOYOTA HILUX
863;HILUX FILTRO DE COMBUSTIVEL - HILUX 2023;JFC207/3;46.20;;;TOYOTA HILUX
442;HILUX FILTRO DE COMBUSTIVEL MALHE - HILUX 2013;KX 541 D / JC 206;46.00;;;TOYOTA HILUX
814;HILUX FILTRO DE COMBUSTIVEL PRESSURIZADO - HILUX 2023;JFC217;134.49;;;TOYOTA HILUX
816;HILUX FILTRO DE OLEO LUBRIFICANTE;W7283;115.00;;;TOYOTA HILUX
1512;HILUX FILTRO DO AR CONDICIONADO - TODAS HILUX;ACP889 / 1967/C;13.94;;;TOYOTA HILUX
2083;HILUX FILTRO LUBRIFICANTE - HILUX 2023;WO150 / OC 235;13.99;;;TOYOTA HILUX
4369;HILUX GUIA PARACHOQUE (SUPORTE) TOYOTA HILUX 2016 - DIREITO - DIANTEIRO;EK1214;95.00;;;TOYOTA HILUX
4368;HILUX GUIA PARACHOQUE (SUPORTE) TOYOTA HILUX 2016 - ESQUERDO - DIANTEIRO;EK1215;95.00;;;TOYOTA HILUX
3376;HILUX INTERRUPTOR DE LUZ RE 2023;3RH04421;114.90;;;TOYOTA HILUX
2633;HILUX JUNTA HOMOCINÉTICA - 2023;AL-1579;1097.00;;;TOYOTA HILUX
3375;HILUX KIT BUCHA BARRA EST DIANTEIRA 31MM 2023;5193-5;58.98;;;TOYOTA HILUX
766;HILUX KIT COIFA HOMOCINETICA LADO RODA - HILUX 2022;50668;44.50;;;TOYOTA HILUX
2814;HILUX LAMPADA H11 12 55W;H11;55.00;;;TOYOTA HILUX
2616;HILUX LANTERNA TRASEIRA C/LED LD - HILUX 2023;;560.00;;;TOYOTA HILUX
2617;HILUX LANTERNA TRASEIRA C/LED LE - HILUX 2023;;560.00;;;TOYOTA HILUX
4315;HILUX LANTERNA TRASEIRA LE PICK-UP C/LED HILUX 21/25;0131165;0.00;;;TOYOTA HILUX
2792;HILUX MANCAL CUBO DIANTEIRO HILUX;HFCD512B;256.00;;;TOYOTA HILUX
4300;HILUX MOLA ASPIRAL SUSPENSÃO DIANTEIRA;AL5505;644.00;;;TOYOTA HILUX
1106;HILUX MOLA SAPATA FREIO TRASEIRO;BAC40383JG / MG2118;23.36;;;TOYOTA HILUX
2223;HILUX MOTOR BOMBA LIMPADOR PARAB;DS31024;189.00;;;TOYOTA HILUX
4118;HILUX MOTOR DE PARTIDA RF78-M 12V HILUX 2015 ATÉ 2023;0001125642;1397.00;;;TOYOTA HILUX
1231;HILUX ÓLEO 5W30 SINTETICO DIESEL - MOTOR;ÓLEO;45.00;;;TOYOTA HILUX
216;HILUX ÓLEO DO DIFERENCIAL GL-5 75W90;75W90;64.14;;;TOYOTA HILUX
2613;"HILUX PALHETA LIMPADOR DE PARABRISA 16"" 2023";400 MM/16;27.00;;;TOYOTA HILUX
2614;"HILUX PALHETA LIMPADOR DE PARABRISA 22"" 2023";550 MM//22;27.00;;;TOYOTA HILUX
2942;HILUX PARALAMA 12/15 ESQ;500021;120.00;;;TOYOTA HILUX
2943;HILUX PARALAMA 2016 LD;KXB135R;120.00;;;TOYOTA HILUX
2940;HILUX PARALAMA DIR. 12/15;500022;139.00;;;TOYOTA HILUX
2941;HILUX PARALAMA LD 2020;7986;130.00;;;TOYOTA HILUX
878;HILUX PASTILHA DE FREIO ANO 2005 A 2023;RCPT09460;93.31;;;TOYOTA HILUX
3378;HILUX PINÇA DE FREIO DIANTEIRO LD/LE ARO 16/17 2023;MG3091/MG3092;123.65;;;TOYOTA HILUX
3025;HILUX PINO GUIA PINÇA DE FREIO;MK 27060;42.00;;;TOYOTA HILUX
2215;HILUX PIVO SUSPENÇÃO INFERIOR 2013.;503169;186.10;;;TOYOTA HILUX
2214;HILUX PIVO SUSPENÇÃO SUPERIOR 2013 / 2023;503168;175.98;;;TOYOTA HILUX
4314;HILUX POLIA DO TENSOR DA CORREIA DO ALTERNADOR HILUX 2.8 2016 A 2025;RT6436;266.00;;;TOYOTA HILUX
1497;HILUX POLIA RODA LIVRE ALTERNADOR;VKM 05509;135.00;;;TOYOTA HILUX
3069;HILUX PORTA ESCOVA 12V;1.223/4;120.00;;;TOYOTA HILUX
2380;HILUX REGULADOR DE FREIO LD/LE;MG2120 / MG2119;81.51;;;TOYOTA HILUX
2653;HILUX REGULADOR DE VOLTAGEM 14V;0272.220.890;161.00;;;TOYOTA HILUX
1498;HILUX RETENTOR CUBO DA RODA TRASEIRO EXTERNO 2023;7076 ARCA;21.32;;;TOYOTA HILUX
405;HILUX RETENTOR DE RODA INTERNO TRASEIRO 2023;7075 BA;11.84;;;TOYOTA HILUX
2901;HILUX RETENTOR DE RODA TRASEIRO EXTERNO;6960 ARCA;89.00;;;TOYOTA HILUX
93;HILUX RETENTOR DE RODA TRASEIRO HILUX 2013;6555 ARCA;101.46;;;TOYOTA HILUX
2902;HILUX RETENTOR DIFERENCIAL DIANTEIRO L/E;6965 ARCA;65.00;;;TOYOTA HILUX
2900;HILUX RETENTOR DO DIFERENCIAL DIANTEIRO 2016 EM DIANTE;9031147037;220.00;;;TOYOTA HILUX
1677;HILUX RETENTOR DO PINHÃO;42449;41.10;;;TOYOTA HILUX
1569;HILUX ROLAMENTO DUPLO RODA TRASEIRA;ALR-4282 R / IR18241 /VKBC 41011;379.00;;;TOYOTA HILUX
4185;HILUX ROLAMENTO EIXO TRASEIRO;424223-KK010;0.00;;;TOYOTA HILUX
1033;HILUX SAPATA DE FREIO TRASEIRA - 2010 A 2023;2673-CP / TY/327-CP;39.85;;;TOYOTA HILUX
4188;HILUX SENSOR ABS DIANTEIRO ESQ HILUX 2015>;120586;244.00;;;TOYOTA HILUX
4187;HILUX SENSOR ABS TRASEIRO HILUX 15>;GS2544;218.85;;;TOYOTA HILUX
2637;HILUX SUPORTE ESCOVA MOT.PART - 2023;UN12234;55.00;;;TOYOTA HILUX
1598;HILUX TAMBOR DE FREIO TRASEIRO HILUX 2023;BD4212;240.00;;;TOYOTA HILUX
4313;HILUX TENSOR COMPLETO DA CORREIA HILUX 2023;F1577;545.16;;;TOYOTA HILUX
2004;HILUX TERMINAL AXIAL DA DIREÇÃO 2005/2015;99109;60.50;;;TOYOTA HILUX
4040;HILUX TERMINAL AXIAL DA DIREÇÃO 2023;680646;0.00;;;TOYOTA HILUX
1560;HILUX TURBINA MAHLE - 2023;TC0630655;5999.00;;;TOYOTA HILUX
675;HILUXAMORTECEDOR TRASEIRO 2005 A;SP806;161.41;;;
19;HILUXARCA RETENTOR DIFERENCIAL TR;552;120.00;;;
91;HILUXBIELETA LADO DIREITO 2013;;59.97;;;
1079;HILUXBIELETA LADO ESQUERDO - 2013;BR1005310269;57.51;;;
834;HILUXBUCHA DA MOLA TRASEIRA;266232;51.42;;;
1214;HILUXCRUZETA UNIVERSAL;HCZ208;63.00;;;
1687;HILUXDISCO FREIO DIANT VENTILADO;RCDIO7530;303.26;;;
833;HILUXFEIXE DE MOLA TRASEIRO;81486;719.75;;;
813;HILUXFILTRO DE COMBUSTIVEL ELEMEN;JFC2073;321.00;;;
1329;HILUXJOGO DE MOLAS COMPLETO (1 RO;MG-2118;42.64;;;
867;HILUXJUNTA HOMOCINETICA LD 2020;280572;871.00;;;
352;HILUXMEIA BUCHA DO OLHAL DA MOLA;R-8001;26.00;;;
1443;HILUXMOLA 1A TRASEIRO;TO650.01;212.00;;;
1444;HILUXMOLA 2A TRASEIRO;TO650.02;212.00;;;
811;HILUXPARAFUSO DE RODA M12-1,5X44,;M12-1,5X44,5;32.66;;;
1170;HILUXPIVO SUPERIOR/INFERIOR - 201;KPV0737;205.00;;;
772;HILUXRADIADOR USADO;2400215659;800.00;;;
1330;HILUXREGULADOR DE FREIO TRASEIRO;MG-2120;95.49;;;
868;HILUXREPARO CAVALETE PINÇA FREIO;1966;248.00;;;
1215;HILUXROLAMENTO DE CENTRO - 2013;R-1060;275.44;;;
1597;HILUXSEMI EIXO TRASEIRO LADO ESQ;;1000.00;;;
1496;HILUXTENSOR COMPLETO - 2013;13287;574.00;;;
1171;HILUXTERMINAL DE DIREÇÃO - 2013;335198;74.11;;;
4172;HL POLIA DA CAIXA AUXILIAR;5319;65.00;;;
122;HORIMETRO ANALOGICO BIVOLT (12/24V;TRH800004;200.05;;;
123;HORIMETRO USO GERAL UNIVERSAL 12V;TRH800005 / 300285;120.00;;;
1099;IMPRESSORA ETIQUETAS ZEBRA ZT231;ZT231;5149.00;;;
600;INFLADOR DUPLO 1295-TSL;INFLADOR;31.00;;;
1998;INSETICIDA BAYGON AERO;BAYGON 1UN;17.90;;;
780;INTERR.ILUMI 1755 EXT.RED.6A 250V;25747;4.05;;;
4161;INTERRUPTOR DE PRESSÃO DE ÓLEO;3306;0.00;;;
2756;INTERRUPTOR USO GERAL 80W;DNI2186;7.15;;;
2456;INVERSOR DE SOLDA BOX 201BV FLAMA BIVOLT-127/220V;;1650.00;;;
145;J LCATRACA DE FREIO JULIETAS CHAVE 14;FRATUCCI;123.00;;;
1582;JL LANTERNA LATERAL;PL06081941;27.18;;;CARRETA / SEMIRREBOQUE
2318;JL RALA GIRATORIA FURAÇAO INTERNA 1050MM;101775;5768.00;;;CARRETA / SEMIRREBOQUE
4176;JL RESERVATORIO DE AR 75L;0344003704;662.84;;;CARRETA / SEMIRREBOQUE
1002;JL ANEL DE VEDAÇÃO TUBILESS (BORRACHA);ANE 100;1.98;;;CARRETA / SEMIRREBOQUE
1780;JL ANEL VEDAÇÃO TAMPA DO CUBO;308900310 / ANEL12B;6.50;;;CARRETA / SEMIRREBOQUE
3075;JL APOIO DO GRAMPO SUSPENSÃO BOOGIE B26;0368068201;250.00;;;CARRETA / SEMIRREBOQUE
1392;JL ARRUELA DE AJUSTE DO EIXO S (CANOINHA);251000014;6.50;;;CARRETA / SEMIRREBOQUE
2883;JL ARRUELA DE ENCOSTO 80MM;80MM;6.00;;;CARRETA / SEMIRREBOQUE
2884;JL ARRUELA DE ENCOSTO 90MM C/ TRAVA;90MM;6.90;;;CARRETA / SEMIRREBOQUE
3236;JL ARRUELA DO EIXO S;ARRU92A;2.00;;;CARRETA / SEMIRREBOQUE
4024;JL ARRUELA DO EIXO S 32MM;;0.00;;;CARRETA / SEMIRREBOQUE
4023;JL ARRUELA DO EIXO S 42MM;;0.00;;;CARRETA / SEMIRREBOQUE
481;JL ARRUELA ENCOSTO 90MM SEM TRAVA;ARRU04A;6.90;;;CARRETA / SEMIRREBOQUE
381;JL BUCHA BORRACHA BOCA DE LOBO ENGATE;2440110012;39.90;;;CARRETA / SEMIRREBOQUE
300;JL BUCHA CONICA CABEÇALHO JULIETA;13017;30.00;;;CARRETA / SEMIRREBOQUE
373;JL BUCHA DO EIXO S SISTEMA TUBELES PÉ DO EIXO;BUCH101B;9.50;;;CARRETA / SEMIRREBOQUE
2881;JL BUCHA DO OLHAL DA BONECA;BONECA;50.00;;;CARRETA / SEMIRREBOQUE
367;JL BUCHA EIXO S TUBELESS RANDON PONTA DO EIXO;BUCH100B;9.50;;;CARRETA / SEMIRREBOQUE
555;JL BUCHA GALOCHA PROTETORA SAPATA;VC3121;114.90;;;CARRETA / SEMIRREBOQUE
2832;JL BUCHA ROLETE FIXO;65001161;3.00;;;CARRETA / SEMIRREBOQUE
325;JL BUCHA TIRANTE CARRETA RANDON 24;R-7503;50.00;;;CARRETA / SEMIRREBOQUE
2879;JL CASTANHA RODA RAIADA;PA360443;20.00;;;CARRETA / SEMIRREBOQUE
976;JL CATRACA DE FREIO 28 ESTR.CH 19M;98-001;84.50;;;CARRETA / SEMIRREBOQUE
2248;"JL CONEXÃO ENGATE RÁPIDO DA MÃO DE AMIGO COMPLETO COM ROSCA 1/2"" ENGA16A";ENGA16A 16MM;22.50;;;CARRETA / SEMIRREBOQUE
4175;JL CUBO DE RODA A DISCO ARO 22 CARRETA FACCHINI;R18/18;525.00;;;CARRETA / SEMIRREBOQUE
1009;JL CUICA DE FREIO 30X30 COM HASTE LONGA;304405;179.90;;;CARRETA / SEMIRREBOQUE
473;"JL DIAFRAGMA DA CUICA DE FREIO 8""";76401;23.90;;;CARRETA / SEMIRREBOQUE
700;JL EIXO S CARRETA FACHINI 655MM L;BZ0563;284.00;;;CARRETA / SEMIRREBOQUE
701;JL EIXO S CARDAN CARRETA FACHINI 6;BZ0562;285.00;;;CARRETA / SEMIRREBOQUE
3310;JL ENGATE AUTOMATICO;;1890.00;;;CARRETA / SEMIRREBOQUE
4375;JL FEIXE DE MOLAS CONVENCIONAL SEMI REBOQUE MOD. JU-14 COM 20 FOLHAS;*1JU14;2885.00;;;CARRETA / SEMIRREBOQUE
78;JL FLEXIVEL CUICA 1100MM MOD (MACHO GIRAT) 16 X 16 TRAMA DE AÇO;2309;51.00;;;CARRETA / SEMIRREBOQUE
3078;JL GALOCHA;GALOCHA;550.00;;;CARRETA / SEMIRREBOQUE
1936;JL GRAMPO DA GALOXA MAIOR 7/8 X 130 X 230-CA COM PORCA;7/8 X 160 X 230-CA;58.50;;;CARRETA / SEMIRREBOQUE
1710;JL GRAMPO DA GALOXA MENOR 7/8 X 92 X 230-CA COM PORCA;7/8 X 130 X 230-CA;70.00;;;CARRETA / SEMIRREBOQUE
1391;JL GRAMPO DO FEIXE DE MOLA;30X92X460;175.00;;;CARRETA / SEMIRREBOQUE
1343;JL GRAMPO M30X92X400DA;M30X92X400DA;98.50;;;CARRETA / SEMIRREBOQUE
2965;JL GUIA DO GRAMPO;70100090;145.00;;;CARRETA / SEMIRREBOQUE
2885;JL JUNTA TAMPA DO CUBO 4 FUROS;59344;6.00;;;CARRETA / SEMIRREBOQUE
1007;JL KIT ARRUELAS E TRAVAS EIXO S;KCFM143;29.90;;;CARRETA / SEMIRREBOQUE
1008;JL KIT MANCAL COMPLETO EIXO S;2019-0;35.50;;;CARRETA / SEMIRREBOQUE
2761;JL LANTERNA TRASEIRA (PEQUENA);PL05160105;54.77;;;CARRETA / SEMIRREBOQUE
1576;JL LANTERNA TRASEIRA FACHINNI;2009600;329.00;;;CARRETA / SEMIRREBOQUE
1935;JL LONA 4533T STD;4533T;16.73;;;CARRETA / SEMIRREBOQUE
1404;JL LONA 4644T STD;4644T;17.12;;;CARRETA / SEMIRREBOQUE
1034;JL LONA DE FREIO 4533T 1X;TH204X;21.88;;;CARRETA / SEMIRREBOQUE
900;JL LONA DE FREIO 4533T 2XX;TH 204 XX;11.24;;;CARRETA / SEMIRREBOQUE
602;JL LONA DE FREIO 4644T 2XX;106591;18.06;;;CARRETA / SEMIRREBOQUE
3076;JL MANCAL;MANCAL;40.00;;;CARRETA / SEMIRREBOQUE
3149;JL MANCAL DO EIXO CENTRAL;0368067802;1500.00;;;CARRETA / SEMIRREBOQUE
18;JL MANGUEIRA ASPIRAL NYLON AIR ROSCA EXTERNA;12 X 9;57.00;;;CARRETA / SEMIRREBOQUE
1365;JL MOLA 1° MESTRE JULIETA TRASEIRA;;707.51;;;CARRETA / SEMIRREBOQUE
1048;JL MOLA 2º MESTRE DOBRADA JULIETA 90X14X1650;208003394;518.41;;;CARRETA / SEMIRREBOQUE
4049;JL MOLA CAMBÃO 369MM;8608-0;0.00;;;CARRETA / SEMIRREBOQUE
547;JL MOLA PATIM DE FREIO PEQUENA CARRETA;2452050;2.90;;;CARRETA / SEMIRREBOQUE
546;JL MOLA PATIM FREIO DUPLA 190MM 4MM;12025;7.60;;;CARRETA / SEMIRREBOQUE
3377;JL PAINEL 03 VALVULA;;910.00;;;CARRETA / SEMIRREBOQUE
406;JL PAINEL COMANDO 3 VALVULAS 6G C/ SUPORTE;103412 / PA260020;910.00;;;CARRETA / SEMIRREBOQUE
1583;JL PARAFUSO 22X140MM AÇO 10.9 (MANCAL);22X140MM;31.00;;;CARRETA / SEMIRREBOQUE
2298;JL PARAFUSO DE RODA (RODA DISCO) M22-1 X 98/106;M22-1 X 98/106;19.19;;;CARRETA / SEMIRREBOQUE
841;JL PARAFUSO RODA RAIADA 20X82X100M;41745;14.90;;;CARRETA / SEMIRREBOQUE
2396;JL PATIM DE FREIO 46;;120.00;;;CARRETA / SEMIRREBOQUE
1890;JL PATIM DE FREIO LONA 45;7006;114.90;;;CARRETA / SEMIRREBOQUE
2205;JL PINO BOCAL INGREJINHA BOCA DE LOBO 2POL;1570110018;320.00;;;CARRETA / SEMIRREBOQUE
1581;"JL PINO DE CENTRO 14X14 ""300MM""";140.300.CB.T;20.00;;;CARRETA / SEMIRREBOQUE
1313;"JL PINO DE CENTRO COM PORCA 14X14 ""350MM""";140.350.CB.T;28.50;;;CARRETA / SEMIRREBOQUE
1350;JL PINO DO V JULIETA;V;244.00;;;CARRETA / SEMIRREBOQUE
895;JL PISTA RETENTOR CARRETA FACCHINI;PISTA;108.00;;;CARRETA / SEMIRREBOQUE
2880;JL PISTA ROLAMENTO 90MM;;55.00;;;CARRETA / SEMIRREBOQUE
2449;JL PORCA CASTELO DA BONECA;AD00941J00;307.00;;;CARRETA / SEMIRREBOQUE
4256;JL PORCA DO PINO DO V JULIETAPORCA CASTELO 1″ 14 FPP SEXTAVADO 38MM X ROSCA 1″ 14 FP;PORCA CASTELO 1″ 14 FPP;9.00;;;CARRETA / SEMIRREBOQUE
2882;JL PORCA EIXO CARRETA 80MM;80MM;35.00;;;CARRETA / SEMIRREBOQUE
480;JL PORCA EIXO CARRETA 90MM;105150;60.00;;;CARRETA / SEMIRREBOQUE
2482;JL RALA MODELO RANDON FURAÇAO EXTERNA 1095MM MUITL;1095MM MUITL;5250.00;;;CARRETA / SEMIRREBOQUE
1269;JL RETENTOR DA BUCHA EIXO S;120502123;5.90;;;CARRETA / SEMIRREBOQUE
478;JL RETENTOR RODA CARRETA 127X165,1X16;0310B;14.50;;;CARRETA / SEMIRREBOQUE
1081;JL ROLAMENTO DO CUBO - FACHINNI;ROL32218;87.99;;;CARRETA / SEMIRREBOQUE
1745;JL ROLAMENTO INTERNO DO CUBO - FA;33021A;109.90;;;CARRETA / SEMIRREBOQUE
1831;JL ROLETE FIXO PATIM DE FREIO;3.854.231.67;9.50;;;CARRETA / SEMIRREBOQUE
558;JL ROLETE PATIM DE FREIO 32X55X19;32X55X19;6.50;;;CARRETA / SEMIRREBOQUE
557;JL ROLETE PATIM DE FREIO 35X55X19;35X55X19;9.90;;;CARRETA / SEMIRREBOQUE
556;JL ROLETE PATIM DE FREIO 38X55X19;38X55X19;9.90;;;CARRETA / SEMIRREBOQUE
1565;JL ROLETE PATIM DE FREIO 41,5X55X19;41,5X55X19;12.50;;;CARRETA / SEMIRREBOQUE
299;JL ROLETE PATIM DE FREIO 45X55X19;45X55X19;15.90;;;CARRETA / SEMIRREBOQUE
164;JL ROMENTO 32216 SKF;32216;300.00;;;CARRETA / SEMIRREBOQUE
703;JL SUPORTE DO EIXO S FACCHINI;S;349.00;;;CARRETA / SEMIRREBOQUE
3085;JL TAMBOR DE FREIO RODA RAIADA;;550.00;;;CARRETA / SEMIRREBOQUE
1934;"JL TAMBOR FREIO 16.1/2""X8"" RODA DISCO (USIN) FR24";T025;525.00;;;CARRETA / SEMIRREBOQUE
468;JL TAMPA CUBO 5 FUROS;865956;65.00;;;CARRETA / SEMIRREBOQUE
2886;JL TAMPA DE CUICA;TAMP02-DIP;25.00;;;CARRETA / SEMIRREBOQUE
2247;JL TAMPA DO CUBO 4 FUROS;405056;65.85;;;CARRETA / SEMIRREBOQUE
795;JL TOMADA ELETRICA 7 PINOS FEMEA;DNI8313;23.50;;;CARRETA / SEMIRREBOQUE
4117;JL TOMADA ELÉTRICA 7 PINOS MACHO;DNI8312;35.19;;;CARRETA / SEMIRREBOQUE
692;JL TOMADA MACHO 7 POLOS;1313 / 001312;19.65;;;CARRETA / SEMIRREBOQUE
479;JL TRAVA ARANHA 80;8305;7.50;;;CARRETA / SEMIRREBOQUE
218;JL TRAVA ARANHA 90;90;7.45;;;CARRETA / SEMIRREBOQUE
3003;JL TRAVA MEIA LUA EIXO S;51515151;2.00;;;CARRETA / SEMIRREBOQUE
603;JL TRAVA ROLETE PATIM DE FREIO;23957;1.38;;;CARRETA / SEMIRREBOQUE
1078;JL VALVULA DE DESCARGA RAPIDA;43-109;29.00;;;CARRETA / SEMIRREBOQUE
3373;JL VALVULA ECU ABS 24V;4006521490;2100.00;;;CARRETA / SEMIRREBOQUE
2652;JL VALVULA RELE JULIETA RANDON;816.3064-0;324.00;;;CARRETA / SEMIRREBOQUE
1896;JLTRAVA EIXO S MEIA LUA;1229T4102;1.00;;;
2789;JOELHO 20X1/2;20X1/2;12.00;;;
1127;JOELHO 90 SOLD. 60MM;T03;21.00;;;
2777;JOELHO DE 60MM 90º;60MM;18.00;;;
2778;JOELHO ESGOTO 100MM;100MM;35.00;;;
2772;JOELHO ESGOTO 500 90º;;4.90;;;
1493;JOGO ALICATE DE TRAVA 4PCS;R28002104;191.00;;;
968;JOGO CHAVE ALLEN LONGA MTX 1,5 A 10;1,5 A 10MM;24.85;;;
2103;JOGO CHAVE COMB. RETA GEDORE 6 A 32 24PCS;6 A 32 24PCS;665.00;;;
957;JOGO CHAVE SOQUETE ESTRIADA ENC-1/2 10-32 22PÇS;10-32MM;330.00;;;
956;JOGO CHAVE SOQUETE SEXT 22 A 50 EN;22 A 50 ENC-;1440.00;;;
1492;JOGO CHAVE TORK 10 A 50 9PCS;10 A 50;32.37;;;
955;JOGO DE CHAVE COMBINADA RETA 6 A 22 17PÇS;CHAVE COMB 6A22;290.42;;;
959;JOGO DE CHAVE DE FENDA GEDORE 4PCS;CHAVE DE FEN;56.54;;;
960;JOGO DE CHAVE DE PHILIPS GEDORE 4P;CHAVE PHILIP;59.11;;;
1503;JOGO DE ESCOVAS (2UND);1607.000.D3N;33.20;;;
1843;JOGO DE MARCHO 10MM ROSCA 1.0;22-0016;111.00;;;
1847;JOGO DE MARCHO 5MM ROSCA 0.8;2676;52.00;;;
2293;JOGO MACHO MANUAL MA 12-1.75 (JG 2PÇS) VONDER;12-1.75;205.00;;;
1308;JUNTA DA TAMPA DE VALVULA;75963;43.61;;;
3188;JUNTA DO COLETOR DE ESCAPAMENTO;48.622-CV;9.51;;;
3334;KI SELOS 938K;491-3821;0.00;;;
4277;KIT BOCAL BICO DIFUSOR SOLDA MIG;ME516/MB396/MA062;144.40;;;
1192;KIT ESPATULA BORRACHEIRO REFORÇADO;ESPATULA BOR;768.22;;;
3238;KIT JUNTAS DO MOTOR COM RETENTOR OM 906 (SABO);80906;1551.00;;;
4230;KIT REPARO DO EIXO S SISTEMA TUBELESS BUCHA + ANEL;KITS25B;54.88;;;
3251;L-200 AMORTECEDOR DIANTEIRO;SP995;330.00;;;MITSUBISHI L200
3215;L-200 BUCHA DO AMORTECEDOR INFERIOR 37MM;RBT7121;29.00;;;MITSUBISHI L200
3212;L-200 BUCHA DO FEIXE DE MOLA DA TRITON;BUSI 0141;0.00;;;MITSUBISHI L200
3254;L-200 FILTRO DE CABINE;AKX-1995;39.16;;;MITSUBISHI L200
3187;L-200 FILTRO DE COMBUSTIVEL;PU 835/1 X;0.00;;;MITSUBISHI L200
3186;L-200 FILTRO DE OLEO;W 9069;0.00;;;MITSUBISHI L200
3253;L-200 PASTILHA DE FREIO;RCPT12040;101.77;;;MITSUBISHI L200
3185;L-200 REPARO DA PINÇA DE FREIO;MG-4034;0.00;;;MITSUBISHI L200
3255;L-200 SAPATA DE FREIO;GS8768;221.00;;;MITSUBISHI L200
3252;L200 BURRINHO DE FREIO TRASEIRO;C-3455;89.99;;;MITSUBISHI L200
3256;L200 PAR DE PALHETA LIMPADOR DO PARABRISA;"CL 18"" / CL 20""";21.63;;;MITSUBISHI L200
4349;LAMAPADA HB3 FAROL BAIXO ALTO HILUX;9005;35.50;;;TOYOTA HILUX
4160;LÃMPADA 1 POLO 24V 5W;GL0067B;0.00;;;
4159;LÂMPADA AMRELA H7 24V;TH7V;16.55;;;
4120;LÂMPADA FAROL TH4V 24V 75/70W;TH4V;0.00;;;
242;LÂMPADA H3 12V;H3 12V;8.90;;;
243;LÂMPADA H3 24V;H3 24V;18.00;;;
275;LÂMPADA H7 12V;H7 12V;11.11;;;
241;LÂMPADA HALÓGENA H1 12V;H1 12V;6.69;;;
240;LÂMPADA HALÓGENA H1 24V;H1 24V;14.81;;;
238;LÂMPADA HALÓGENA H4 12V;H4 12V;15.00;;;
1767;LÂMPADA HALÓGENA H4 24V;H424V;25.00;;;
239;LÂMPADA HALÓGENA H7 24V;H7 24V;13.51;;;
3365;LAMPADA INCANDECENTE;H100;6.25;;;
781;LAMPADA LED 20W;19273;10.00;;;
1223;LAMPADA LED 40W 6K BIVOLT;TKL 225;19.90;;;
101;LAMPADA P21/5W 12V 2 POLOS;P21/5W;2.50;;;
244;LÂMPADA P21W 12V 1 POLO;P21W;2.98;;;
260;LÂMPADA P21W 24V 1 POLO;P21W 24V;4.35;;;
267;LÂMPADA PHILIPS P21/5W 2POLOS 24V;P21/5W 24V;9.90;;;
1933;LÂMPADA PY21W 12V 1 POLO;PY21W 12V;9.90;;;
844;LÂMPADA PY21W 24V;PY21W;3.44;;;
288;LÂMPADA R5W 12V;R5W 12V;1.45;;;
287;LÂMPADA R5W 24V;R5W 24V;1.59;;;
1104;LAMPADA VULCANIZADORA 7W 127V E14/;E14;11.00;;;
2812;LAMPADA W21W 12V;W21W;5.50;;;
1753;LÂMPADA W3W 12V PINGO DÀGUA;W3W 12V;7.00;;;
269;LÂMPADA W3W 24V PINGO D'ÀGUA;W3W 24V;2.49;;;
2372;LANTERNA DE CABEÇA LED RECARREGAVEL;LANTERNA;59.00;;;
1322;LANTERNA DIANTEIRA LR;LATERNA;109.52;;;
2945;LANTERNA LATERAL CRISTAL BIVOLT 65MM C/SUPORTE C/FIO;040564;13.45;;;
2944;LANTERNA LATERAL VERMELHA(RUBI) BIVOLT 65MM C/SUPORTE C/FIO;040563;13.54;;;
875;LANTERNA RECAREGÁVEL PARA CABEÇA;LCV032;86.00;;;
1393;LATERNA DE CABEÇA LED;LEOAN-LA14;50.00;;;
3184;LAVADORA CHIAPERINI 7000;CP0891(220/380);5758.00;;;
1462;LAVADORA CHIAPERRINI 03CV TRIF C/;LJ3100;3785.00;;;
4237;LENTE POLICARBONATO 405X117 MASCARA DE SOLDA;105X117X1MM;29.00;;;
109;LIMA CHATA;08142523356;17.91;;;
107;LIMA REDONDA STIHL;56057715206;10.01;;;
3110;LIMA ROTATIVA DE 10MM PARA RETIFICA;;90.00;;;
3109;LIMA ROTATIVA DE 8MM PARA RETIFICA;;80.00;;;
389;LIMPA CONTATO 300ML;4131;17.00;;;
3235;LIXA ROTATIVA GRÃO 80;;6.50;;;
1206;LONA PLASTICA PRETA 4MTS;LONA;146.00;;;
4243;LUVA DO CARDAN C/CZ 32MM;HLV618;248.00;;;
4260;LUVA DO DIFERENCIAL FLANGE 1720;FL1380;369.45;;;MB 1720
2787;LUVA SOLDAVEL 40MM;40MM;4.00;;;
1198;MACACO HIDROPNEUMATICO MTP 32TON;MTP32;2026.00;;;
698;MACHADINHA COM UNHA;789890133821;30.00;;;
3051;MANCÃO REMENDO A FRIO RAC10;RAC10;14.00;;;
3053;MANCHÃO A FREIO VF06;VF06;8.00;;;
4180;MANCHÃO A FRIO VD08;VD08;89.12;;;
4181;MANCHÃO A FRIO VD09;VD09;113.70;;;
4182;MANCHÃO DIAGONAL A FRIO VD07;VD07;54.98;;;
1210;MANCHAO RAC 35 A FRIO RADIAL VIPAL;RAC 35;25.00;;;
3056;MANCHAO VD02 A FRIO DIAGONAL;VD02;9.00;;;
2382;MANCHAO VD03 A FRIO;VD03;10.12;;;
3050;MANCHAO VD03 A FRIO DIAGONAL;VD03;10.64;;;
1211;MANCHAO VD05 A FRIO DIAGONAL;VD05;18.00;;;
1100;MANCHAO VD06 DIAGONAL 240MM;VD06;10.00;;;
3063;MANCHAO VD10 A FRIO DIAGONAL;VD10;177.28;;;
3192;MANDRIL BOSCH 13MM 1/2;;66.00;;;
1362;MANG 65MMX2,00 R1 TR NY;MANGUEIRA;953.50;;;
2984;MANGUEIRA;75212616;58.00;;;
2078;MANGUEIRA BOMBA DE GRAXA 1/4 225BAR/3260PSI;;137.00;;;
2381;"MANGUEIRA AR 500PSI PNEUMATICA 1/2""";"AR 500PSI PNEUMATICA 1/2""";13.80;;;
2211;MANGUEIRA DE COMBUSTIVEL 3/4 KORAX COMBIO;3/4;45.00;;;
543;MANGUEIRA DUPLA PARA SOLDA PT300 5;7288;13.50;;;
4101;MANGUEIRA ESPIRAL LIMPEZA PRETA COM PISTOLA;TEPU-5001MM;64.00;;;
1314;MANGUEIRA HIDRAULICA R2AT 3/4;100R2AT;80.00;;;
2047;MANGUEIRA HIDRAULICA -8 1/2;-8 1/2;55.00;;;
1701;MANGUEIRA HIDRAULICA 4SH -12 3/4;MANGUEIRA 12;190.00;;;
691;"MANGUEIRA HIDRAULICA 4SH 1"" -16";936HMT;210.00;;;
2006;MANGUEIRA HIDRAULICA 4SP -6 3/8;4SP -6 3/8;100.00;;;
1315;MANGUEIRA HIDRAULICA R2AT;EN853 2SN;132.00;;;
2463;MANGUEIRA HIDRAULICA R2AT -4 1/4;;32.00;;;
1463;MANGUEIRA POLIETILENO 3/4 X 2MM;;2.30;;;
1195;MANGUEIRA PRESSURIZADA 3/4;PT700;22.05;;;
3105;MANTA ASFALTICA 30CM;30CM;11.00;;;
2195;MAQUINA DE LAVAR ROUPA 12KG;ROUPA 12KG;699.00;;;
1247;MARCA TEXTO 1-4MM;MARCA TEXTO;1.50;;;
1246;MARCADOR PERMANENTE 2MM;MARCADOR;6.99;;;
1905;MARRETA C/ CABO 0,500KG;0.5;32.00;;;
1906;MARRETA C/ CABO 1KG;1KG;42.00;;;
1108;MARRETA CUNHA C/ CABO 5KG;;180.00;;;
774;MARTELO PEQUENO PARA PLAQUETA;MARTELO;28.00;;;
1706;MATERIAIS DE SAÚDE;MEDICAMENTOS;1.00;;;
1696;MATERIAS DE SEGURANÇA;EPIS;1.00;;;
2261;MB CABO COMANDO CAMBIO ENGATE / SELECAO 1720;6932607251;1043.00;;;MB 1720
2290;MB PARAFUSO HALLEN 12X50 ROSCA 1.75 ÇO 12.9 ALTERNADOR AXOR;12X50 ROSCA 1.75 ÇO 12.9;4.50;;;MB (modelo a definir)
3201;MB PASTILHA DESLIZANTE GARFO G2 AXOR;0002681449;202.65;;;MB (modelo a definir)
2227;MB RETENTOR EIXOCAMBIO (MORINGA) 55X80X8MM CAIXA G85 ATEGO;02529BRGP;57.00;;;MB (modelo a definir)
560;"MB ABRAÇADEIRA 5"" TUBO DE ESCAPAMENTO AXOR";A9429970290;50.00;;;MB (modelo a definir)
1545;MB ALTERNADOR 12V 200A;DITA10152;1224.00;;;MB (modelo a definir)
3371;MB ALTERNADOR 12V 200A 10152 1720;DITA10152;857.00;;;MB 1720
2062;MB ALTERNADOR 90A/12V ATEGO 1720;ZEN41034;910.00;;;MB ATEGO 1720
1061;MB ALTERNADOR C5 28V 35/80A - AXOR 3344;;1762.43;;;MB AXOR 3344
665;MB AMORTECEDOR CABINE TRASEIRO AXOR 3344;316811 / 316809;590.50;;;MB AXOR 3344
661;MB AMORTECEDOR DE CABINE DIANTEIRO AXOR;MH0007 / 315 670 019;499.00;;;MB (modelo a definir)
3127;MB AMORTECEDOR DE CABINE DIANTEIRO INTERMEDIARIO AXOR 3344;316805;332.00;;;MB AXOR 3344
2265;MB AMORTECEDOR DE CABINE TRASEIRO 1725;311888;789.00;;;MB ATEGO 1725
1778;MB AMORTECEDOR DE CABINE TRASEIRO HORIZONTAL AXOR 3344;316806;344.75;;;MB AXOR 3344
663;MB AMORTECEDOR DIANT.MB ATEGO 1315;54502;250.00;;;MB ATEGO 1315
1083;MB AMORTECEDOR DIANTEIRO 1725;1953MMAX;350.00;;;MB ATEGO 1725
662;MB AMORTECEDOR DIANTEIRO AXOR 3344;103923;265.00;;;MB AXOR 3344
671;MB AMORTECEDOR ESTABILIZADOR DIANTEIRO AXOR 3344;A9533230800;816.00;;;MB AXOR 3344
674;MB AMORTECEDOR ESTABILIZADOR TRASEIRO AXOR 3344;45374;557.19;;;MB AXOR 3344
1617;MB AMORTECEDOR LATERAL - AXOR 3344;31568;354.68;;;MB AXOR 3344
839;MB AMORTECEDOR TRASEIRO CABINE C/;311 888019;865.58;;;MB (modelo a definir)
2904;MB ANEL DE VEDAÇÃO DA BUCHA DA BALANÇA AXOR;IABV2296;15.00;;;MB (modelo a definir)
4155;MB ANEL ORING DE VEDAÇAO DA CANETA / AXOR 3344;ANEL ORING;35.26;;;MB AXOR 3344
4269;MB ANEL PISTA CUBO TRASEIRO;3273560515;100.00;;;MB (modelo a definir)
1276;MB ANEL SICRONIZADOR DA REDUÇÃO AX;945.260.2245;1134.79;;;MB (modelo a definir)
1275;MB ANEL SICRONIZADOR MARCHA AXOR 3;9472601945;927.78;;;MB (modelo a definir)
1264;MB ARRUELA ARRASTADOR COMPRESSOR B;103632;30.00;;;MB (modelo a definir)
4318;MB ARRUELA DIFERENCIAL DIANTEIRO AXOR;56170260;0.00;;;MB (modelo a definir)
4319;MB ARRUELA DIFERENCIAL DIANTEIRO AXOR;81907700272;0.00;;;MB (modelo a definir)
1553;MB ARRUELA DO BLOQUEIO DIFERENCIAL AXOR;30.001.154-4;57.69;;;MB (modelo a definir)
3026;MB ARRUELA VALVULA ESTRANGULADOR DO ESCAPE;A0009940103;10.00;;;MB (modelo a definir)
3035;MB ARUELA DO ROLAMENTO DO EIXO INTERMEDIARIO;A3832830552;40.00;;;MB (modelo a definir)
1740;MB AUTOMATICO DE PARTIDA 24V - AXOR;PN-842;400.00;;;MB (modelo a definir)
872;MB BARRA DE REAÇÃO V AXOR 3344;39810;1859.00;;;MB AXOR 3344
3027;MB BATENTE DA SUSPENSÃO TRASEIRO CABINE DO AXOR;A94289104230064;37.00;;;MB (modelo a definir)
2299;MB BATENTE DO EIXO DIANTEIRO - ATEGO 1725;R-452A;29.73;;;MB ATEGO 1725
4017;MB BICO INJETOR 2423K;A0060179221;1275.00;;;MB (modelo a definir)
1944;MB BOBINA TACOGRAFO BVDR 1.0;BVDR 1.0;29.00;;;MB (modelo a definir)
1346;MB BOIA TANQUE PLASTICO 590 LTS;T-070009;265.18;;;MB (modelo a definir)
1605;MB BOLSA DE AR BANCO AXOR;1953694;106.00;;;MB (modelo a definir)
2618;MB BOMBA ALTERNADORA 1720;07-148;394.00;;;MB 1720
2055;MB BOMBA D'AGUA ATEGO 1720;90000313;634.34;;;MB ATEGO 1720
2028;MB BOMBA D'AGUA AXOR 3344;20064;778.95;;;MB AXOR 3344
2226;MB BOMBA D'AGUA AXOR 3344;4572010101;727.00;;;MB AXOR 3344
1946;MB BOMBA DAGUA - MB 1720;90000313;718.24;;;MB 1720
1045;MB BOMBA DAGUA COMPLETA - ATEGO 1725;90000319;485.14;;;MB ATEGO 1725
1955;MB BOMBA DE COMBUSTIVEL - ATEGO 17;90000353;1510.00;;;MB (modelo a definir)
3275;MB BOMBA DE COMBUSTIVEL 1725;A0040910501;2850.75;;;MB ATEGO 1725
3228;MB BOMBA DE COMBUSTIVEL ATEGO 1725 / 2324K;BC427;862.00;;;MB ATEGO 1725
3211;MB BOMBA DE COMBUSTIVEL AXOR;90000354;1505.00;;;MB (modelo a definir)
4025;MB BOMBA DE DIREÇÃO 1418;81660090;979.00;;;MB 1418
3224;MB BOMBA DE ÓLEO ATEGO 1725 / 2324K;90000114;1137.46;;;MB ATEGO 1725
748;MB BOMBA DIREÇÃO HIDRÁULICA MB AXOR 3344;5960100023;982.00;;;MB AXOR 3344
799;MB BOMBA DO LAVADOR DO PARABRISA;838003A;45.00;;;MB (modelo a definir)
2923;MB BOMBA ELETRICA LAVADOR 24V - AXOR 3344;0008694021;113.00;;;MB AXOR 3344
1738;MB BOMBA HIDRAULICA CABINE - ATEGO;46-230;531.47;;;MB (modelo a definir)
3163;MB BRAÇO GUIA EIXO TRASEIRO LD AXOR 3344;9583251309;880.00;;;MB AXOR 3344
3162;MB BRAÇO GUIA EIXO TRASEIRO LE AXOR 3344;PA419197;880.00;;;MB AXOR 3344
4320;MB BUCHA 75MM DIFERENCIAL DIANTEIRO AXOR (56170259);81930210398;0.00;;;MB (modelo a definir)
302;MB BUCHA BARRA ESTABILIZADOR TRASEIRO - AXOR 3344;R-3374;85.77;;;MB AXOR 3344
304;MB BUCHA BI PARTIDA DA CABINE AXOR 3344 R-3369;R-3369 / A9423172012;354.55;;;MB AXOR 3344
1918;MB BUCHA DA ARTICULAÇÃO DA CABINE AXOR 3344;IABV 3434;159.00;;;MB AXOR 3344
301;MB BUCHA DA ARTICULAÇÃO DO EIXO MORTO (MANCAL) - AXOR 3344;R-3366;225.00;;;MB AXOR 3344
315;MB BUCHA DA BARRA ESTABILIZADORA DIANTEIRA AXOR;R-3372;19.52;;;MB (modelo a definir)
310;MB BUCHA DA BARRA ESTABILIZADORA TRASEIRA AXOR;R-3373;43.18;;;MB (modelo a definir)
192;MB BUCHA DA PONTA DA BARRA ESTABILIZADORA DIANTEIRA AXOR 3344;R-3375;66.37;;;MB AXOR 3344
1670;MB BUCHA DISTANCIADORA ENGRENAGEM;MIC0472/00;124.77;;;MB (modelo a definir)
368;MB BUCHA DO EIXO TRASEIRO AXOR;0009816031;25.00;;;MB (modelo a definir)
2831;MB BUCHA DO PINO DO FEIXE DE MOLA DIANTEIRO 1720;PA309537;25.00;;;MB 1720
2830;MB BUCHA DO PINO DO FEIXE DE MOLA TRASEIRO 1720;3523250150;15.00;;;MB 1720
2658;MB BUCHA DO TIRANTE V (ORELHA MENOR) AXOR 3344;P03166;170.00;;;MB AXOR 3344
4032;MB BUCHA DO TIRANTE V AXOR 3344;809974;388.00;;;MB AXOR 3344
2800;MB BUCHA MOLA DIANTEIRA DO ATEGO 1725;9583200244;60.00;;;MB ATEGO 1725
138;MB BUCHA MOLA DIANTEIRA SUPENSÃO AXOR;R-3441 / 3148;78.59;;;MB (modelo a definir)
375;MB BUCHA PINO DO PATIM DE FREIO AXOR;30MM;21.50;;;MB (modelo a definir)
144;MB BUCHA TIRANTE RETO (ORELHA MAIOR);P03155 / A0013307635 / IABV 3153;176.81;;;MB (modelo a definir)
1544;MB CABEÇOTE DO FILTRO WK 1040;FH120;162.33;;;MB (modelo a definir)
1252;MB CABEÇOTE DO FILTRO WK 1060;FH121;165.00;;;MB (modelo a definir)
4356;MB CABO ACELERADOR MULTIFUNÇÕES MB 1418 / 1720 / 1723 / 1718A;6933007132/121277;365.00;;;MB 1720
1454;MB CABO ACIONA/FECH PORTA DIANTEIRA DIR. AXOR;50132;9.54;;;MB (modelo a definir)
1661;MB CABO DA FECHADURA AXOR3344;A9737600004;35.00;;;MB AXOR 3344
3358;MB CABO DO CAMBIO MB ATEGO 1720;A6932600251;1274.00;;;MB ATEGO 1720
2929;MB CABO ELETRICO AXOR;A0015407927;280.00;;;MB (modelo a definir)
2270;MB CAIXA SATELITE COMPLETA AXOR 3344;03350047 / 9423500064;10034.00;;;MB AXOR 3344
4321;MB CAIXA SATELITE DO REPARO DO COMPENSADOR AXOR;81.35.6060011 (56.17.0257);0.00;;;MB (modelo a definir)
1023;MB CAIXA SATELITE INTERMEDIARIA AXOR;30.001.154-4 / 9423502223;6261.63;;;MB (modelo a definir)
3287;MB CAIXA SATÉLITE INTERMEDIARIA AXOR 3344;9423500064;10034.00;;;MB AXOR 3344
3355;MB CALÇO DE MOLA TRASEIRA AXOR 3344;SC01173;182.00;;;MB AXOR 3344
3191;MB CANO DO COMPRESSOR DE AR AXOR;6954202528;140.00;;;MB (modelo a definir)
2398;MB CANO INJETOR OM457LA (ELETRONICO) AXOR 6º CILINDRO;4908368;34.93;;;MB (modelo a definir)
2759;MB CAPA ROLAMENTO ALTERNADOR AXOR;39817;10.21;;;MB (modelo a definir)
2932;MB CARCAÇA DO FILTRO AXOR 3344;9585200353;650.00;;;MB AXOR 3344
3128;MB CARDANZINHO ENTRE EIXO COMPLETO 34 ESTRIAS COM RASPADOR BICO E GRAXEIRO AXOR 3344;SK-023;6699.73;;;MB AXOR 3344
745;MB CATRACA DE FREIO AUTOMÁTICA DIR TRASEIRA AXOR;;202.00;;;MB (modelo a definir)
744;MB CATRACA DE FREIO AUTOMÁTICA ESQ TRASEIRA AXOR;8163215;430.00;;;MB (modelo a definir)
2460;MB CATRACA DE FREIO DIANT LD - AXOR 3344;816.3218-0;329.00;;;MB AXOR 3344
2459;MB CATRACA DE FREIO DIANT LE - AXOR 3344;816.3217-0;329.00;;;MB AXOR 3344
1003;MB CATRACA DE FREIO MANUAL 1720;81632520;218.00;;;MB 1720
142;MB CATRACA DE FREIO MANUAL TRAZ L/D AXOR;BZ-0213 / 816.3245-0;164.03;;;MB (modelo a definir)
143;MB CATRACA DE FREIO TRAZ L/E AXOR;BZ-0214 /;197.00;;;MB (modelo a definir)
2910;MB CAVALETE APOIO EIXO S MB ACTROS/AXOR LD;A9424232033;350.00;;;MB (modelo a definir)
2911;MB CAVALETE APOIO EIXO S MB ACTROS/AXOR LE;A9424231933;350.00;;;MB (modelo a definir)
2072;MB CAVALETE DO MANCAL INTERMEDIARIO (EIXO CAMBOTA) - AXOR 3344;9483254609;4500.00;;;MB AXOR 3344
2039;MB CENTRAL PARA-CHOQUE SUPERIOR - AXOR 3344;9408850122;109.00;;;MB AXOR 3344
3301;MB CHAVE DE FAROL 1725;IM52304;440.00;;;MB ATEGO 1725
4158;MB CHAVE DE PARTIDA INGNIÇÃO;IM-11.236S;89.95;;;MB (modelo a definir)
1727;MB CHAVE SETA AXOR 3344;IM12051;283.80;;;MB AXOR 3344
2760;MB CHICOTE DA CAIXA DE MARCHA AXOR;ETE-7288;51.00;;;MB (modelo a definir)
2207;MB CHICOTE DO FAROL 1720;ETE-7878;11.78;;;MB 1720
2758;MB CHICOTE DO PISCA COM SOQUETE AXOR 3344;ETE7799;9.04;;;MB AXOR 3344
2060;MB CHICOTE DO SENSOR DE VELOCIDADE 1720;ETE-5663;73.15;;;MB 1720
3147;MB CHICOTE REPARO 2 VIAS SENSOR DE TEMPERATURA / SENSOR DE ROTAÇÃO / LANTERNA LATERAL;919.7743-2 / ETE7743;2.76;;;MB (modelo a definir)
2242;MB CILINDRO AUXILIAR DE EMBREAGEM 1720;0;168.58;;;MB 1720
4038;MB CILINDRO BASCULAR CABINE ATEGO 1725;43-1060;965.53;;;MB ATEGO 1725
696;MB CILINDRO HIDRÁULICO PARA CABINE - AXOR 3344;A9585530505;1205.00;;;MB AXOR 3344
2241;MB CILINDRO MESTRE 1720;VFCC2345 / RCCE00335;188.00;;;MB 1720
404;MB CILINDRO MESTRE EMBREAGEM MB AXOR 3344;6284600703;185.00;;;MB AXOR 3344
4091;MB CILNDRO DO FREIO MOTOR AXOR 3344;0001400459;136.00;;;MB AXOR 3344
2037;MB COBERTURA PARA PARA-CHOQUE LD - AXOR 3344;9408850222;149.00;;;MB AXOR 3344
2038;MB COBERTURA PARA PARA-CHOQUE LE - AXOR 3344;;149.00;;;MB AXOR 3344
3352;MB COIFA DA ALAVANCA CAMBIO INFERIOR ATEGO;9702681997;322.00;;;MB (modelo a definir)
3353;MB COIFA DA ALAVANCA SUPERIOR ATEGO 1720;;35.00;;;MB ATEGO 1720
3231;MB COLAR DE EMBREAGEM 2324K;VKC 4633;349.09;;;MB (modelo a definir)
4285;MB COLETOR DE ÓLEO CAMBIO AXOR CAIXA G330;3892610665;624.21;;;MB (modelo a definir)
4092;MB COLETOR SAIDA ÁGUA AXOR;A4572010231;1190.00;;;MB (modelo a definir)
3335;MB COLUNA DA DIREÇÃO COMPLETA 1725;RCD193;1004.85;;;MB ATEGO 1725
3157;MB COLUNA DE DIREÇÃO INFERIOR AXOR 3344;RCD170;1176.07;;;MB AXOR 3344
1241;MB COMANDO DE ENGATE AXOR 3344;4213500870;4753.00;;;MB AXOR 3344
2651;MB COMANDO DE ENGATE AXOR 3344 SEMI-AUTO;4213500720;4671.00;;;MB AXOR 3344
398;MB COMPRESSOR 1620 1720;816.0002-0;1480.00;;;MB 1720
2368;MB COMPRESSOR 2423K RECONDICIONADO;RECONDICIONADO;1350.00;;;MB (modelo a definir)
1251;MB COMPRESSOR AR - AXOR 3344 (RECONDICIONADO);9125102011;2000.00;;;MB AXOR 3344
2806;MB COMPRESSOR AR 1720 - RECONDICIONADO;RECONDICIONADO;850.00;;;MB 1720
1321;MB COMPRESSOR DE AR 2423K;4111540051;1795.10;;;MB (modelo a definir)
2664;MB COMPRESSOR DE AR AXOR 3344;9125102011:009;4204.00;;;MB AXOR 3344
4157;MB COMUTADOR DE INGNIÇÃO CHICOTE;940-1124;156.60;;;MB (modelo a definir)
3300;MB COMUTADOR DE PARTIDA DE INGNIÇÃO ATEGO 1725;LCG1224 / DNI2639;242.00;;;MB ATEGO 1725
3225;MB CONE SINCRONIZADO 1° 2° 3° 4° MARCHA 2423K;14330293;543.00;;;MB (modelo a definir)
796;MB CONECTOR SENSOR DE PRESSÃO - AXOR 3344;ETE7741 -/ EG7741;8.88;;;MB AXOR 3344
1841;MB CONECTOR 2 VIAS FREIO AXOR;ETE7687;14.75;;;MB (modelo a definir)
797;MB CONECTOR 4 VIAS FÊMEA REDONDO;ETE7664;41.00;;;MB (modelo a definir)
1898;MB CONECTOR 55 VIAS MODULO MR FEMEA;ETE5156CHI / 9551688;466.35;;;MB (modelo a definir)
1839;MB CONECTOR ALTERNADOR 5 VIAS AXO;500.0726;56.50;;;MB (modelo a definir)
1895;MB CONECTOR CORUJINHA LATERAL AXOR;PL99173794;53.08;;;MB (modelo a definir)
1828;MB CONECTOR DO FAROL 7 POLOS FAROL;107.1417;33.23;;;MB (modelo a definir)
3342;MB CONECTOR DO PISCA;102.1120;16.00;;;MB (modelo a definir)
1892;MB CONECTOR DO PISCA 1720;ETE7365;21.63;;;MB 1720
1903;MB CONECTOR LATERNA DE FREIO AXOR;PL99860097 / 060106;89.90;;;MB (modelo a definir)
1907;MB CONECTOR MODULO MR 16 VIAS AXOR;9152689;245.00;;;MB (modelo a definir)
1899;MB CONECTOR MODULO MR FEMEA MENOR AXOR;ETE5118;134.12;;;MB (modelo a definir)
1900;MB CONECTOR MODULO MR MACHO MAIOR;ETE9155;319.81;;;MB (modelo a definir)
135;MB CONEXAO CURVA TUBULAÇAO COMBUSTÍVEL 1720 AXOR 3344;6939970172;120.00;;;MB AXOR 3344
2925;MB CONEXÃO DA VALVULA;A0004318831;58.00;;;MB (modelo a definir)
4199;MB CONEXAO SERVO EMBREAGEM;0039905968;28.00;;;MB (modelo a definir)
3348;MB CONJUNTO CARCAÇA FILTRO DE AR ATEGO;376 090 5301;977.51;;;MB (modelo a definir)
2135;MB CONJUNTO FILTRO DE AR AXOR;001052;1400.00;;;MB (modelo a definir)
3206;MB CONJUNTO TRAMBULADOR (USADO);;2200.00;;;MB (modelo a definir)
2861;MB CORREA DUPLA 1720;AVX 2X13X1350;140.00;;;MB 1720
1354;MB CORREIA 8PK1380 - F-4000 / 2423K / 13.190 WORKER;8PK1345RC;94.88;;;FORD F-4000
628;MB CORREIA 8PK1645 MB OM457LA AXOR;8PK1645;125.18;;;MB (modelo a definir)
605;MB CORREIA 8PK1646 AXOR 3344;8PK1646;123.00;;;MB AXOR 3344
2180;MB CORREIA 8PK1780 ATEGO (COMBOIO);8PK1780;68.00;;;MB (modelo a definir)
632;MB CORREIA 8PK1939 1725;8PK1939;120.00;;;MB ATEGO 1725
611;MB CORREIA 8PK1940 1725;8PK1940;122.00;;;MB ATEGO 1725
604;MB CORREIA 9PK2340 AXOR 3344;9PK2340;154.74;;;MB AXOR 3344
2204;MB CORREIA ATEGO 1725 CC-01 8PK1385;8PK-1385;58.00;;;MB ATEGO 1725
1942;MB CORREIA ATUALIZAÇÃO S/ AR CONDICIONADO AXOR;8PK1660;102.00;;;MB (modelo a definir)
1027;MB CORREIA AVX13X1015 - 1720;AVX13X1015 / 13A1015C;27.12;;;MB 1720
876;MB CORREIA AVX13X1375 - 1720;;33.53;;;MB 1720
2183;MB COXIM DA CABINE 2423K;R-776;136.00;;;MB (modelo a definir)
306;MB COXIM DA CABINE ATEGO 1725;R-3277;109.62;;;MB ATEGO 1725
2802;MB COXIM DA CAIXA DE REDUÇÃO 1720 14/18;R-456;40.00;;;MB 1720
3284;MB COXIM DA CAIXA DE REDUÇÃO ATEGO 1725;OM906LA;877.00;;;MB ATEGO 1725
4360;MB COXIM DA CAIXA DE REDUÇÃO MB 1418/51 CC-04;BORRACHA;40.00;;;MB 1418
1921;MB COXIM DIANT DA SUSPENÇÃO DO MOTOR ATEGO 1725;R-3255;910.32;;;MB ATEGO 1725
1307;MB COXIM DIANT E TRAS DA SUSP DO MOTOR - AXOR 3344;R-3317;635.85;;;MB AXOR 3344
3233;MB COXIM DIANTEIRO DA SUSPENÇÃO DA CABINE 2324K;R-776;139.00;;;MB (modelo a definir)
308;MB COXIM DO BRAÇO DA ARTICULAÇÃO DO AXOR;R-3455;185.00;;;MB (modelo a definir)
2709;MB COXIM INFERIOR RADIADOR 1725 / AXOR;9585040112;25.00;;;MB ATEGO 1725
2708;MB COXIM SUPERIOR RADIADOR 1725 / AXOR;9585040312;53.00;;;MB ATEGO 1725
313;MB COXIM TRASEIRO DA SUSPENSÃO DO MOTOR ATEGO;R-782;764.00;;;MB (modelo a definir)
2056;MB CRUZETA 134,8MM X 47,6MM 1720;HCZ264 / 801020;165.55;;;MB 1720
583;MB CRUZETA CARDAN DIANTEIRO 126.0X41.3MM ATEGO-1725;801031 / R10002;88.46;;;MB ATEGO 1725
1741;MB CRUZETA CARDAN GRANDE 163X117 - AXOR 3344;HCZ278 / 045354;708.00;;;MB AXOR 3344
1568;MB CRUZETA CARDAN TRASEIRO ATEGO-1725;NUJL140 / 801038;225.32;;;MB ATEGO 1725
880;MB CRUZETA CARDAN UNIVERSAL 1720 / DIAN 1418;201020;112.61;;;MB 1720
1052;MB CRUZETA CARDANZINHO AXOR 3344;HCZ284 / 801036;282.00;;;MB AXOR 3344
4322;MB CRUZETA DO REPARO DO COMPENSADOR AXOR;81356080035;0.00;;;MB (modelo a definir)
1055;MB CRUZETA ENTRE EIXOS AXOR 3344;HCZ286;287.00;;;MB AXOR 3344
3384;MB CRUZETA TRA DO CARDAN DO 14 18;NUJL90;159.00;;;MB (modelo a definir)
1790;MB CUBO PLANETARIO VAZIO (SINO) AXOR;MIC-1841;2502.75;;;MB (modelo a definir)
879;"MB CUICA DE FREIO DIANTEIRA 20"" AXOR 3344 / 2544 1720-1725";1-4539;226.00;;;MB AXOR 3344
731;MB CUICA DE FREIO HASTE 60MM (24X20 POLEGADAS) - AXOR 344;8165037;445.00;;;MB (modelo a definir)
3077;MB DEFLETOR DO RADIADOR AXOR;9685050255;350.00;;;MB (modelo a definir)
482;"MB DIAFRAGMA CUICA 6.1/2"" WABCO TIPO 20 20 X 24 - AXOR 3344";DIAF00;40.90;;;MB AXOR 3344
2249;MB EIXO CAMBOTA;9483254609;7500.00;;;MB (modelo a definir)
3227;MB EIXO DA ENGRENAGEM DA RÉ 2324K;8883246;411.00;;;MB (modelo a definir)
2202;MB EIXO DA TOMADA DE FORÇA 2423K;2423K;1900.00;;;MB (modelo a definir)
2274;MB EIXO DO GARFO DO BLOQUEIO;30.001.815-5;462.56;;;MB (modelo a definir)
4044;MB EIXO S DIANTEIRO LD;EX202AS;478.80;;;MB (modelo a definir)
4043;MB EIXO S DIANTEIRO LE;EX201AS;478.80;;;MB (modelo a definir)
1913;MB EIXO S TRASEIRO DIREITO - AXOR;2210FM379;319.00;;;MB (modelo a definir)
1912;MB EIXO S TRASEIRO ESQUERDO - AXOR;100000118015;334.01;;;MB (modelo a definir)
2294;MB ELEMENTO BICO INJETOR DSLA153P5518 AXOR 3344;DSLA153P5518+;448.00;;;MB AXOR 3344
1438;MB EMBREAGEM KIT (PLATOR, COLAR E DISCO) AXOR 3344;A0272501601;7000.00;;;MB AXOR 3344
84;MB EMBREAGEM VISCOSA DO AXOR;;2190.00;;;MB (modelo a definir)
3140;MB EMBUCHAMENTO DA MANGA DE EIXO AXOR 3344;133379000;630.37;;;MB AXOR 3344
4316;MB ENGRENAGEM PLANETARIA 14 DENTES 26 ESTRIAS;81356170005;0.00;;;MB (modelo a definir)
4323;MB ENGRENAGEM SATELITE 9 DENTES;56170261;0.00;;;MB (modelo a definir)
4210;MB ESGUICHO PARABRISA BRUCUTU (LD);0008603347;62.90;;;MB (modelo a definir)
4211;MB ESGUICHO PARABRISA BRUCUTU (LE) AXOR;0008603247;62.90;;;MB (modelo a definir)
1937;MB ESPELHO DE RODA TRAS DIR. - AXOR;3054231120;180.00;;;MB (modelo a definir)
1938;MB ESPELHO DE RODA TRAS ESQ. - AXOR;3054231020;180.00;;;MB (modelo a definir)
3180;MB ESPELHO RAMPA 1725;M038S;227.00;;;MB ATEGO 1725
1746;MB ESTATOR AXOR 24V 80A;F00M130112 / EG33.0112;255.19;;;MB (modelo a definir)
16;MB ESTATOR AXOR 3344 (SEM CINTA);F000.BL1.9N3;315.86;;;MB AXOR 3344
2032;MB ESTRIBO ESCADA LD - AXOR 3344;;649.00;;;MB AXOR 3344
2033;MB ESTRIBO ESCADA LE - AXOR 3344;;429.00;;;MB AXOR 3344
1378;MB ESTRIBO INFERIOR BORRACHA - AXOR 3344;ESTRIBO;458.09;;;MB AXOR 3344
4171;MB ESTRIBO PISANTE AXOR;M30119;258.00;;;MB (modelo a definir)
1893;MB FAROL DIANTEIRA L/D 1726;F-354;494.32;;;MB ATEGO 1726
1894;MB FAROL DIANTEIRA L/E 1726;F-353;494.32;;;MB ATEGO 1726
3021;MB FAROL DIANTEIRO ATEGO 1725 2009 LD;FM162LD;655.74;;;MB ATEGO 1725
3022;MB FAROL DIANTEIRO ATEGO 1725 2009 LE;FM162LE;655.74;;;MB ATEGO 1725
3203;MB FAROL DIANTEIRO LD 1720;70040122;256.70;;;MB 1720
573;MB FAROL DIANTEIRO LD AXOR 3344;F-206;773.99;;;MB AXOR 3344
3204;MB FAROL DIANTEIRO LE 1720;6938200161;256.00;;;MB 1720
565;MB FAROL DIANTEIRO LE AXOR 3344;F-206;773.99;;;MB AXOR 3344
2804;MB FECHADURA DA CABINE BASCULANTE 1720;50429;617.00;;;MB 1720
4353;MB FECHADURA MECANICA DA PORTA MB 1418 LE;136389;65.00;;;MB 1418
2694;MB FECHO DA TRAVA DA CABINE L/E 1725;72-479;661.87;;;MB ATEGO 1725
2365;MB FEIXE DE MOLA DIANTEIRO ATEGO 1725;A9583202102;2415.00;;;MB ATEGO 1725
2634;MB FEIXE DE MOLAS ADAPTAÇÃO COMPLETO 5 LAMINAS - ATEGO 1725;974.320.4602;3047.00;;;MB ATEGO 1725
2660;MB FEIXE DE MOLAS CONVENCIONAL MERCEDES BENZ MOD. MB-146 COM 12 FOLHAS - AXOR 3344;*1MB146;2476.00;;;MB AXOR 3344
2659;MB FEIXE DE MOLAS PARABOLICAS MERCEDES BENZ MOD. MBP-2419 COM 3 FOLHAS AXOR 3344;1MBP2419;1765.00;;;MB AXOR 3344
1807;MB FILTRO DA VALVULA APU 1720;AL-0012;133.70;;;MB 1720
424;MB FILTRO DA VALVULA APU AXOR 3344;4329012231;164.00;;;MB AXOR 3344
42;MB FILTRO DE AR PRIMARIO 1725;C 28 1012;250.00;;;MB ATEGO 1725
41;MB FILTRO DE AR PRIMARIO C 27 1340 - AXOR 3344;C 27 1340;172.78;;;MB AXOR 3344
56;MB FILTRO DE AR SECUNDARIO CF 1651 - AXOR 3344;CF 1651;113.62;;;MB AXOR 3344
3195;MB FILTRO DE CABINE ATEGO 1726;LA 677;43.57;;;MB ATEGO 1726
4071;MB FILTRO DE COMBUSTÍVEL PARKER RACOR;RE-160J-10M-AQII;0.00;;;MB (modelo a definir)
32;MB FILTRO DE COMBUSTIVEL PU 1046X ATEGO;PU1046X;43.41;;;MB (modelo a definir)
33;MB FILTRO DE COMBUSTÍVEL PU 999/1X AXOR;PU999/1X;75.00;;;MB (modelo a definir)
4072;MB FILTRO DE COMBUSTÍVEL RACOR AXOR;A0004779915KZ;431.00;;;MB (modelo a definir)
382;MB FILTRO DE COMBUSTIVEL SEPARADOR AXOR 3344;PU9198X;78.00;;;MB AXOR 3344
28;MB FILTRO DE COMBUSTIVEL SEPARADOR DE AGUA WK1040;WK1040;84.00;;;MB (modelo a definir)
34;MB FILTRO DE ÓLEO LUBRIFICANTE HU 945/2X - ATEGO 1725 2423K;HU 945/2X;30.00;;;MB ATEGO 1725
25;MB FILTRO DE ÓLEO LUBRIFICANTE HU12110X AXOR;HU12110X;91.82;;;MB (modelo a definir)
55;MB FILTRO DIREÇÃO HIDRÁULICA H601/10 AXOR;H601/10;9.19;;;MB (modelo a definir)
1389;MB FILTRO DO AR CONDICIONADO AXOR 3344;CU4469;107.70;;;MB AXOR 3344
1060;MB FILTRO LUBRIFICANTE - 1720;W1168/5;45.00;;;MB 1720
1549;MB FILTRO RACOOL COMPLETO - AXOR 3344;A0004702490;1040.00;;;MB AXOR 3344
2071;MB FILTRO RACOR AXOR;A9584770115;180.00;;;MB (modelo a definir)
399;MB FILTRO SECADOR AXOR - DS20007;DS200076;110.00;;;MB (modelo a definir)
431;MB FILTRO SEPARADOR COMB. AXOR;A9584770115;150.00;;;MB (modelo a definir)
3368;MB FILTRO SEPARADOR DE ÁGUA WK 1030;WK 1030;77.90;;;MB (modelo a definir)
26;MB FILTRO SEPARADOR DE ÁGUA WK 1060 AXOR;WK1060;77.30;;;MB (modelo a definir)
1160;MB FILTRODEAR PRIMARIO - 2423K;C27902;117.00;;;MB (modelo a definir)
869;MB FLANGE DO CARDAN ORELHA/ESTRIADO DIANT C/CZ271 -1725;S-960;659.72;;;MB ATEGO 1725
1939;MB FLANGEDO CARDAN TRASEIRO ORELHA AXOR 3344;S-369;697.00;;;MB AXOR 3344
3299;MB FLEXIVEL BASCULAR CABINE 1725;9405530682;533.56;;;MB ATEGO 1725
2013;MB FLEXIVEL CILINDRO EMBREAGEM 3700MM AXOR 3344;0002950313;178.11;;;MB AXOR 3344
754;MB FLEXIVEL COMPRESSOR AR - AXOR 3344;3005590;305.64;;;MB AXOR 3344
2906;MB FLEXIVEL CUICA DE FREIO DIANTEIRA AXOR 3344;6964208248;250.00;;;MB AXOR 3344
2905;MB FLEXIVEL CUICA DE FREIO DIANTEIRA AXOR 3344;0004203048;250.00;;;MB AXOR 3344
2057;MB FLEXIVEL DA DIREÇÃO HIDRAULICA ATEGO 1720;DH5261;91.25;;;MB ATEGO 1720
2641;MB FLEXIVEL DE BASCULHAR CABINE - AXOR 3344;;496.00;;;MB AXOR 3344
4309;MB FLEXIVEL DO COMPRESSOR DE AR CARRO DE APOIO 35CM;35X22X15X5/8;659.00;;;MB (modelo a definir)
4289;MB FLEXIVEL EMBREAGEM 3M 1720-1418 14MM ROSCA 1.0 MACHO X 10MM FEMEA ROSCA 1,25 COM CONEXÃO;0002501266;415.00;;;MB 1720
4257;MB GARFO DE EMBREAGEM 1418;46215;188.00;;;MB 1418
4241;MB GARFO DE EMBREAGEM AXOR 350X19;250.18C;443.00;;;MB (modelo a definir)
710;MB GARFO EMBREAGEM RECONDICIONADO AXOR;6552540706;750.00;;;MB (modelo a definir)
2243;MB GARGO DE EMREAGEM 1720;0;359.11;;;MB 1720
3283;MB GRADE FRONTAL ATEGO 1725;;1600.00;;;MB ATEGO 1725
2892;MB GRAMPO 24X102X300;24X102X300;52.00;;;MB (modelo a definir)
1728;MB GRAMPO DE CARROCERIA - AXOR 3344;5892560;536.48;;;MB AXOR 3344
4207;MB GRAMPO DE MOLA TRASEIRO 1720;50X19X 85;700.00;;;MB 1720
2635;MB GRAMPO DE MOLAS DIANTEIRA FEIXE NOVO 18X82X240D - ATEGO 1725;18X82X240D;36.00;;;MB ATEGO 1725
2636;MB GRAMPO DE MOLAS DIANTEIRA FEIXE NOVO 18X82X260D - ATEGO 1725;18X82X260D;39.00;;;MB ATEGO 1725
1786;MB GRAMPO DO FEIXE DE MOLA DIANTEIRO AXOR;20X92X280D;64.17;;;MB (modelo a definir)
2285;MB GRAMPO DO FEIXE DE MOLAS DIANTEIRO - ATEGO 1725;18X82X220;60.62;;;MB ATEGO 1725
1342;MB GRAMPO DO FEIXE DE MOLAS TRAS - AXOR 3344;27X102X470-CA;124.50;;;MB AXOR 3344
1280;MB GRAMPO MOLA TRASEIRA - AXOR 3344;27X102X460;370.00;;;MB AXOR 3344
2258;MB HELICE C/ EMBREAGEM VISCOSA;1932235;1327.00;;;MB (modelo a definir)
1012;MB INDUZIDO M/PARTIDA DELCO 29MT 24V;ZM 83.818;546.19;;;MB (modelo a definir)
3029;MB INFERIOR DA COIFA ALAVANCA CAMBIO;A94289104230064;160.00;;;MB (modelo a definir)
3279;MB INTERRUPTOR DE FREIO A AR AXOR 3344;5588 B-RHO;78.00;;;MB AXOR 3344
3244;MB INTERRUPTOR DE TEMPERATURA DO CAMBIO AXOR;;215.00;;;MB (modelo a definir)
1207;MB INTERRUPTOR DO VIDRO ELETRICO DIANTEIRO DIREITO - AXOR 3344;72-842 / DNI2461;340.00;;;MB AXOR 3344
125;MB INTERRUPTOR DO VIDRO ELETRICO ESQUERDO - IM32913 AXOR 3344;IM32913;262.81;;;MB AXOR 3344
3243;MB INTERRUPTOR INDUCADOR DA TROCA DE MACHA AXOR;0005429218;472.34;;;MB (modelo a definir)
1923;MB INTERRUPTOR PARA ALERTA - AXOR;IM11200;49.59;;;MB (modelo a definir)
678;MB INTERRUPTOR TRANSFERENCIA/BLOQUEIO - AXOR 3344;RHO6643;81.38;;;MB AXOR 3344
1919;MB JG DE GRADE FAROL DIANTEIRO - AXOR;PFC045;338.70;;;MB (modelo a definir)
4350;MB JOGO DE ANEIS FREIO CAIXA CAMBIOS MB G211 G230 G280 G281;9472600718;373.00;;;MB (modelo a definir)
3039;MB JOGO DE REPARO DA REDUZIDA G210 / G211 / G221 / G240;77104 SABO;160.00;;;MB (modelo a definir)
3380;MB JUNTA DA TAMPA DE DISTRIBUIÇÃO AXOR 3344;A4600110180;96.00;;;MB AXOR 3344
532;MB JUNTA DA TAMPA DE VALVULA 2423K;160521;119.00;;;MB (modelo a definir)
1446;MB JUNTA DA TAMPA DE VALVULA OM366 OM366A/LA 1720;3660160321;31.15;;;MB 1720
3207;MB JUNTA DA TAMPA VALVULA MOTOR 1726;76906;181.34;;;MB ATEGO 1726
2947;MB JUNTA DO ALOJAMENTO ALOJAMENTO DA BOMBA D'AGUA D6N;225-8019;220.00;;;CAT D6N
2025;MB JUNTA DO CABEÇOTE MOTOR OM457 AXOR3344;462203;207.24;;;MB AXOR 3344
2909;MB JUNTA DO CABEÇOTE MOTOR OM926;JC48780/6;180.00;;;MB (modelo a definir)
3205;MB JUNTA DO CAMBIO;48860ORTR;1099.53;;;MB (modelo a definir)
3038;MB JUNTA DO COLETOR DE ESCAPE MOTOR OM457;48461AC;15.00;;;MB (modelo a definir)
1263;MB JUNTA DO COMPRESSOR AR - AXOR 3344;4571310180;19.89;;;MB AXOR 3344
2029;MB JUNTA TAMPA DE VALVULA MOTOR OM457 AXOR3344;001796;32.72;;;MB AXOR 3344
4254;MB KIT EMBREAGEM 1418K;340001719;5354.00;;;MB 1418
2246;MB KIT EMBREAGEM 350MM 1720;52659;2845.00;;;MB 1720
1855;MB KIT EMBREAGEM RECONDICIONADA COM GARFO AXOR;EMBREAGEM;4977.00;;;MB (modelo a definir)
4351;MB KIT REPARO DO CAMBIO G210/211/221/240;0239971647/77099;1039.00;;;MB (modelo a definir)
913;MB KIT RETENTOR CUBO REDUTOR TRASEIRO AXOR 3344;02293 / 56005KPRO;134.00;;;MB AXOR 3344
1059;MB KIT RETENTOR E RODA FONICA TRASEIRO AXOR;4.90614 / 147.740;391.00;;;MB (modelo a definir)
998;MB LANTERNA DELIMITADORA TETO LD LE;PL05320007;25.00;;;MB (modelo a definir)
993;MB LANTERNA DO PISCA DIANTEIRO DIR AXOR;PL05920102;59.80;;;MB (modelo a definir)
996;MB LANTERNA DO PISCA DIANTEIRO DIREITO 2423K - 1720 2423K;PL04480101;58.58;;;MB 1720
997;MB LANTERNA DO PISCA DIANTEIRO ESQUERDO 2423K - 1720 2423K;PL04480201;58.58;;;MB 1720
571;MB LANTERNA LATERAL AXOR 3344;PL04760035 / PL0476;63.93;;;MB AXOR 3344
994;MB LANTERNA PISCA ESQ AXOR 3344;PL05920103;59.80;;;MB AXOR 3344
2765;MB LANTERNA PISCA REDONDA;PL04660021;30.00;;;MB (modelo a definir)
656;MB LANTERNA TETO CABINE EXTERNO AXOR;PL05800022;56.49;;;MB (modelo a definir)
1011;MB LANTERNA TRASEIRA AMARELA REDON;RN1031VM;13.04;;;MB (modelo a definir)
1001;MB LANTERNA TRASEIRA COMPLETA AXOR;PL07160109 / GF01738;52.95;;;MB (modelo a definir)
4282;MB LANTERNA TRASEIRA DIREITA AXOR;PL09161309;52.85;;;MB (modelo a definir)
1016;MB LANTERNA TRASEIRA EM ACRILICO LD LE;PL09124229;1331.00;;;MB (modelo a definir)
4283;MB LANTERNA TRASEIRA ESQUERDA AXOR;PL09161409;52.85;;;MB (modelo a definir)
2206;MB LENTE LANTERNA TRASEIRA AXOR 3344;PL09130029;88.93;;;MB AXOR 3344
2219;MB LENTE LANTERNA TRASEIRA AXOR 3344 ANTIGA;PL7173309;64.35;;;MB AXOR 3344
4355;MB LENTE LANTERNA TRASEIRA AXOR MODELO NOVO;GAU1510;70.52;;;MB (modelo a definir)
4284;MB LENTE ÓTICA AXOR LE;;98.00;;;MB (modelo a definir)
2921;MB LIMITADOR DE PORTA AXOR;9737201516;120.00;;;MB (modelo a definir)
1325;"MB LIMPADOR PARABRISA - AXOR 06/VOLVO FH-12 94/06 26""";EG-PALH 2662;33.13;;;MB (modelo a definir)
1084;MB LONA 0135T-140 STD DIANTEIRA - AXOR;0135T-140;28.75;;;MB (modelo a definir)
938;MB LONA 0135TX DIANTEIRA - AXOR 3344;0135T;34.37;;;MB AXOR 3344
1046;MB LONA 0135TXX DIANTEIRA - AXOR 3344;0135TXX;34.00;;;MB AXOR 3344
572;MB LONA 0137T-140 TRASEIRA - AXOR;0137T-140;28.12;;;MB (modelo a definir)
2048;MB LONA DE FREIO 0133T-140 DIANTEIRA 1720;0133T-140;21.07;;;MB 1720
3148;MB LONA DE FREIO 0133TX-140 DIANTEIRA MB 1720;0133TX-140;21.00;;;MB 1720
1924;MB LONA DE FREIO 0134T-140 TRASEIRA E DIANT ATEGO 1725 / TRAS MB 1720;0134T-140;25.00;;;MB ATEGO 1725
1926;MB LONA DE FREIO 0134TX-140 TRASEIRA E DIANT ATEGO 1725 / TRAS MB 1720;0134TX-140;25.01;;;MB ATEGO 1725
2049;MB LONA DE FREIO 0134TXX-140 TRASEIRA E DIANT ATEGO 1725 / TRAS MB 1720;0134TXX-140;268.00;;;MB ATEGO 1725
1441;MB LONA DE FREIO 0137T-140X TRASEIRA;0137T-140X;30.00;;;MB (modelo a definir)
850;MB LONA DE FREIO 137TXX-140 TRASEIRA - AXOR 3344;137TXX-140;48.79;;;MB AXOR 3344
1032;MB LUVA CARDAN DESLIZANTE 1418 /1720;RLV619/LV1060 / SP-3050;630.63;;;MB 1720
1505;MB LUVA CARDAN DESLIZANTE DIANTEIRO - ATEGO;801406 / 90321X;452.02;;;MB (modelo a definir)
1277;MB LUVA DE ENGATE REDUÇÃO AXOR 334;945.262.6823;778.99;;;MB (modelo a definir)
3153;MB MACACO DE BASCULHAR CABINE ATEGO 1725;46-230 / 958.553.0101;531.47;;;MB ATEGO 1725
1054;MB MACACO HIDRAULICO CABINE AXOR 3344;816.6501-0;675.00;;;MB AXOR 3344
2710;MB MAÇANETA DA PORTA INTERNA 1725;50286 / 50287;100.00;;;MB ATEGO 1725
2711;MB MAÇANETA ESTERNA DIREITA AXOR 3344;50507;267.00;;;MB AXOR 3344
3136;MB MAÇANETA ESTERNA ESQUERDA AXOR 3344;50507;267.00;;;MB AXOR 3344
1606;MB MAÇANETA INTERNA DA PORTA DIR/ESQ;50197;90.99;;;MB (modelo a definir)
3178;MB MAÇANETA INTERNA DA PORTA DIREITA AXOR 3344;50462;45.00;;;MB AXOR 3344
1000;MB MAÇANETA INTERNA DA PORTA DIREITA AXOR 3344;50463;45.00;;;MB AXOR 3344
2964;MB MANCAL DA BARRA ESTABILIZADORA AXOR;9413230521;169.83;;;MB (modelo a definir)
1474;MB MANCAL DA EMBREAGEM 1720;3151654310;520.00;;;MB 1720
4090;MB MANCAL DE SUSPENSAO DA CAIXA /1418;R3276A;1150.00;;;MB 1418
582;MB MANCAL INFERIOR EIXO TANDEM (EIXO MORTO) AXOR 3344;9583250042;549.00;;;MB AXOR 3344
720;MB MANCAL SUPERIOR EIXO TANDEM (EIXO MORTO) - AXOR 3344;4551B;818.00;;;MB AXOR 3344
3382;MB MANETE FREIO ESTACIONARIO ATEGO 1725 1726;DPM67ABR-60;572.32;;;MB ATEGO 1725
761;MB MANGUEIRA ASPIRACAO AR TURBINA AXOR;9405281982;599.00;;;MB (modelo a definir)
3306;MB MANGUEIRA ASPIRAÇÃO DE AR 379X321;9585282482;1766.30;;;MB (modelo a definir)
2655;MB MANGUEIRA COLETOR DE ADMISSÃO AXOR 3344;A9585281782;173.00;;;MB AXOR 3344
2961;MB MANGUEIRA DO FILTRO DE AR ATEGO;9735280082;275.00;;;MB (modelo a definir)
2256;MB MANGUEIRA DO INTERCOLLER 2423K;3845011482;173.00;;;MB (modelo a definir)
2255;MB MANGUEIRA DO INTERCOLLER 2423K 5 ANEIS;80X87X215MM;139.00;;;MB (modelo a definir)
147;MB MANGUEIRA DO INTERCOOLER 101,6X;A0020946382;129.00;;;MB (modelo a definir)
2257;MB MANGUEIRA DO RADIADOR / CARCAÇA DE VALVULA 2423K;973010982;460.00;;;MB (modelo a definir)
2907;MB MANGUEIRA DO RADIADOR 1725/2423K;9585012982;350.00;;;MB ATEGO 1725
3099;MB MANGUEIRA DO RADIADOR SUPERIOR/FINA;A9405063035;162.94;;;MB (modelo a definir)
3210;MB MANGUEIRA FILTRO DE AR 1720;001144;496.00;;;MB 1720
148;MB MANGUEIRA INTERCOOLER DE SILICONE AXOR;4170.0018;250.00;;;MB (modelo a definir)
3154;MB MANGUEIRA INTERMEDIARIA DO RADIADOR AXOR 3344;A9405011282 / MM9309;162.00;;;MB AXOR 3344
150;MB MANGUEIRA LIGACAO TURBINA - AXOR 3344;4170.0138 / 457.098.0283;150.92;;;MB AXOR 3344
2971;MB MANGUEIRA RADIADOR SUPERIOR;MM9006;145.00;;;MB (modelo a definir)
2364;MB MANGUEIRA RADIADOR SUPERIOR AXOR;A9585010782;214.74;;;MB (modelo a definir)
2954;MB MANGUEIRA TUBO DE DIREÇÃO AXOR;6254660181;50.00;;;MB (modelo a definir)
4235;MB MANOPLA CAMBIO AUTOMÁTICO;9432601509;512.75;;;MB (modelo a definir)
1680;MB MANOPLA UNIDADE DE CONTROLE SEMI-AUTO - AXOR 3344;4331500700;6350.00;;;MB AXOR 3344
1017;MB MAQUINA DO VIDRO ELETRICO LE 24;50485;354.03;;;MB (modelo a definir)
3200;MB MECANISMO CILINDRO ATUADOR CAMBIO;4213510700;2492.00;;;MB (modelo a definir)
1361;MB MEDIDOR COMBUSTIVEL BOIA TANQUE 210/300 LTS - AXOR 3344;T-070011;170.88;;;MB AXOR 3344
3165;MB MEDIDOR COMBUSTIVEL BOIA TANQUE 315L ATEGO 1725;T070047;230.00;;;MB ATEGO 1725
2044;MB MEIO PARA-CHOQUE - AXOR 2544;9418851401;75.00;;;MB AXOR 2544
2283;MB MINI RELE DO PISCA 12V - 1720;DNI0134;22.69;;;MB 1720
1950;MB MODULO ELETRONICO DA CABINE - AXOR 3344;A0054468102;8000.00;;;MB AXOR 3344
1724;MB MODULO GS - AXOR 2544;A0032605863;7000.00;;;MB AXOR 2544
1619;MB MODULO GS - AXOR 3344;A0032607463;10118.00;;;MB AXOR 3344
1813;MB MOLA 1° TRASEIRA 75CM X 08CM 17;24515;207.55;;;MB (modelo a definir)
1408;MB MOLA 1ª MESTRE PARABOLICA DIANTEIRA AXOR 3344;MOLA108;912.00;;;MB AXOR 3344
1624;MB MOLA 1A TRASEIRA 85X15X1900 - ATEGO 1725;85X15X1900;1720.00;;;MB ATEGO 1725
1156;MB MOLA 1A TRASEIRA AXOR 3344;100X20X1540;667.00;;;MB AXOR 3344
2402;MB MOLA 2A DIANTEIRA AXOR;AESA;1454.00;;;MB (modelo a definir)
874;MB MOLA 2A DIANTEIRA PARABOLICA AX;44874;1206.00;;;MB (modelo a definir)
2245;MB MOLA 2A TRASEIRA 80X13X83/81;80X13X83/81;418.30;;;MB (modelo a definir)
2253;MB MOLA 3ª DIANTEIRA AXOR- 90X25-897X917MM;MB1290.03P;180.00;;;MB (modelo a definir)
2400;MB MOLA 3A TRASEIRA 100X20X1540 AXOR;100X20X1540;581.01;;;MB (modelo a definir)
1812;MB MOLA 3ª TRASEIRA 98CM X 08CM 1720;61660;272.49;;;MB 1720
2401;MB MOLA 3A TRASEIRA AXOR 3344 FOLHA;100X20X1540;416.00;;;MB AXOR 3344
2399;MB MOLA 4A TRASEIRA 100X20X1530 AXOR;100X20X1530;428.68;;;MB (modelo a definir)
1095;MB MOLA 6A TRASEIRA AXOR 3344;100X20X960;426.90;;;MB AXOR 3344
3356;MB MOLA DA CABINE ATEGO 1725;970.317.2085;290.00;;;MB ATEGO 1725
654;MB MOLA DO PATIM DE FREIO DIANT E TRAS - AXOR 3344;306649;5.45;;;MB AXOR 3344
1049;MB MOLA MESTRE 2° 100 X 20 X (770 X 770) MM TRASEIRA AXOR 3344;12299;539.00;;;MB AXOR 3344
1714;MB MOTOR DE PARTIDA 24V - AXOR 334;ZEN35015;2431.00;;;MB (modelo a definir)
1522;MB MOTOR DE PARTIDA 29 MT - 1720;A3761510201;1620.00;;;MB 1720
2046;MB MOTOR DE PARTIDA 29MT 24V;ZEN8029102;1479.00;;;MB (modelo a definir)
1402;MB MOTOR DO VIDRO ELETRICO L/D AXO;690869;430.00;;;MB (modelo a definir)
2221;MB OLHAL 16MM PARA TUBO 12X9MM;69GZ-64;6.48;;;MB (modelo a definir)
3135;MB PARABRISA 1720;;955.00;;;MB 1720
1789;MB PARAFUSO 10X110 VOLANTE/EBREAG;FPS-792697;6.20;;;MB (modelo a definir)
2292;MB PARAFUSO 10X40MM AÇO 10.9 ROSCA ROSCA 1.5 ALTERNADOR AXOR;10X40MM AÇO 10.9 ROSCA ROSCA 1.5;1.50;;;MB (modelo a definir)
2291;MB PARAFUSO 18X50 AÇO 10.9 FIO 1.5 TRAVESSA EIXO CAMBOTA AXOR;18X50 AÇO 10.9 FIO 1.5;21.50;;;MB (modelo a definir)
2890;MB PARAFUSO DE FIXAÇÃO DA BARRA DE REAÇÃO AXOR 19,80MM X ROSCA M20 X 1,5 X 260,50MM;N910105020035 / IABV5108;36.00;;;MB (modelo a definir)
1876;MB PARAFUSO DO AMORTECEDOR AXOR 16X80 AÇO 10.9 ROSCA 1.5;16X80MM;9.40;;;MB (modelo a definir)
2186;MB PARAFUSO DO TIRANTE RETO 20X278 2423K;20X278;53.76;;;MB (modelo a definir)
2891;MB PARAFUSO FIXAÇÃO DA PLACA DE APOIO COXIM AXOR 19,80 X ROSCA M20 X 1,5 X 281MM;N000000005732 / IABV5100;45.48;;;MB (modelo a definir)
3100;MB PARAFUSO FLANGEADO DO TIRANTE V E MANCAL 20X100 COM PORCA;20X100;9.90;;;MB (modelo a definir)
2220;MB PARAFUSO OCO 16MM;26XX-R;7.50;;;MB (modelo a definir)
534;MB PARAFUSO RODA DIANTEIRA MBB AXOR;M22X1,5X77;15.00;;;MB (modelo a definir)
332;MB PARAFUSO RODA TRASEIRA 22X110X120 5MM 10.9 T;M22-1,5 X 110/120,5 X CH32;20.40;;;MB (modelo a definir)
1675;MB PARAFUSODO VOLANTE 16X90 ROSCA 1,5;16X90 1,5;54.80;;;MB (modelo a definir)
3161;MB PARALAMA TRASEIRO LD AXOR 2831;M30123.2;649.00;;;MB AXOR 2831
3160;MB PARALAMA TRASEIRO LE AXOR 2831;M30123.1;649.00;;;MB AXOR 2831
3202;MB PASTILHA DA MARCHA RÉ;60531852;124.30;;;MB (modelo a definir)
3209;MB PATIM DE FREIO ATEGO 1725;816.7009-0;310.33;;;MB ATEGO 1725
2027;MB PATIM DE FREIO DIANTEIRO AXOR3344;14539;319.90;;;MB AXOR 3344
1830;MB PATIM DE FREIO TRAS AXOR 3344;41187;339.00;;;MB AXOR 3344
2827;MB PINO DA MOLA DIANTEIRA 1720;PMB101A;29.00;;;MB 1720
2828;MB PINO DA MOLA TRASEIRA 1720;3853250030;35.00;;;MB 1720
2888;"MB PINO DE CENTRO 12X4"" 100MM";"12X4""";15.00;;;MB (modelo a definir)
2367;"MB PINO DE CENTRO 12X6"" (150MM) CARRO DE APOIO";12X6;18.41;;;MB (modelo a definir)
2366;"MB PINO DE CENTRO 12X8"" (200MM) CARROS DE APOIO";"12X8""";13.51;;;MB (modelo a definir)
1737;"MB PINO DE CENTRO 12X9"" (250MM) - CARROS DE APOIO";"12X9"" (250MM";10.11;;;MB (modelo a definir)
1685;"MB PINO DE CENTRO 14MM X15 ""150MM"" DIANTEIRO AXOR3344";14X12;14.00;;;MB AXOR 3344
4238;MB PINO DE CENTRO CARRO DE APOIO 202MM X 14MM;202X14;20.00;;;MB (modelo a definir)
950;MB PINO DE CENTRO TRASEIRO COM PORCA 18X12 - AXOR 3344;18X12-CB AÇO;58.19;;;MB AXOR 3344
3034;MB PINO DE CUICA 11X35X30;N001444014216;42.00;;;MB (modelo a definir)
866;MB PINO DO PATIM DE FREIO - MB TODOS;3464211174;24.90;;;MB (modelo a definir)
356;MB PINO DUPLO AXOR 108X152X25MM AXOR;3503605;250.00;;;MB (modelo a definir)
3094;MB PINO DUPLO TIRANTE V (75X130X25MM) AXOR 2544;ZL0374;170.00;;;MB AXOR 2544
2915;MB PISANTE ESTRIBO SUPERIOR LE/LD AXOR 3344;0000025177;98.00;;;MB AXOR 3344
2045;MB PISANTE PARA-CHOQUE - AXOR 3344;9418805370;420.00;;;MB AXOR 3344
4280;MB PISANTE SUPERIOR PARA-CHOQUE AXOR 2544;9448800105;376.00;;;MB AXOR 2544
1305;MB POLIA AUXILIAR (MALUCA) CORREIA ALTERNADOR - AXOR;;92.44;;;MB (modelo a definir)
1917;MB POLIA DA CORREIA AUXILIAR FURO PEQUENO - AXOR 3344;A0005501633;173.00;;;MB AXOR 3344
2063;MB POLIA DESVIADORA CORREIA ATEGO 1725;20-321 LNG;158.00;;;MB ATEGO 1725
759;MB POLIA DO ALTERNADO AXOR;;130.00;;;MB (modelo a definir)
2934;MB POLIA ESTRIADA TENSOR DO AXOR;20-244 / 4572003070;120.00;;;MB (modelo a definir)
1504;MB PONTEIRA CARDAN DESLIZANTE (ESPIGA) - ATEGO 1725;801606 / 904011;536.41;;;MB ATEGO 1725
1031;MB PONTEIRA CARDAN DESLIZANTE 1720;801608 / PT1022/RPT624;463.48;;;MB 1720
4137;MB PORCA DO BLOQUEIO DIFERENCIAL TRASEIRO AXOR;;439.00;;;MB (modelo a definir)
2918;MB PORCA DO CUBO TRASEIRO AXOR;MIC0399;120.00;;;MB (modelo a definir)
2917;MB PORCA EIXO BLOQUEIO DIFERENCIAL/EIXO AXOR;9423530225;439.25;;;MB (modelo a definir)
1669;MB PORCA PINHAO DIFERENCIAL - AXOR;35-399;160.61;;;MB (modelo a definir)
4258;MB PORCA RODA 32MM M22-1.5 AXOR;2902204;6.83;;;MB (modelo a definir)
3346;MB PORTA ESCOVA ATEGO 1725;1.165/4;163.52;;;MB ATEGO 1725
4317;MB PROTETOR DIFERENCIAL;81357300018;0.00;;;MB (modelo a definir)
2185;MB RADIADOR 1720;CR2150000P;2186.00;;;MB 1720
3117;MB RADIADOR DE ÁGUA ATEGO 1725;;2227.66;;;MB ATEGO 1725
1554;MB RADIADOR DE ÁGUA AXOR 3344;;2981.00;;;MB AXOR 3344
3232;MB RADIADOR DE ÓLEO 2324K;20190390600;642.09;;;MB (modelo a definir)
2752;MB RADIADOR RECONDICIONADO AXOR;RECONDICIONADO;550.00;;;MB (modelo a definir)
758;MB REGULADOR DE VOLTAGEM 24V - AXOR;F00MA45253;411.04;;;MB (modelo a definir)
2010;MB RELE AUTOMATICO AUXILIAR 24V - AXOR 3344;ZEN 73428;150.00;;;MB AXOR 3344
3324;MB RELE DE PARABRISA 12V;DNI 0813;52.58;;;MB (modelo a definir)
127;MB RELE DE PARTIDA DELCO 29MT 12V;ZM818;429.00;;;MB (modelo a definir)
3304;MB RELÉ DO PISCA;DNI 0412S4;18.06;;;MB (modelo a definir)
1902;MB RELE DO PISCA 24V AXOR;DNI0424-S4;22.69;;;MB (modelo a definir)
1901;MB RELE PARABRISA AXOR 24V;DNI0824;40.79;;;MB (modelo a definir)
2184;MB RELOGIO INDICADOR DE TEMPERATURA ATEGO 1725;W01050C;160.00;;;MB ATEGO 1725
3032;MB RENTENTOR EIXO PILOTO CAMBIO CAIXA G211 A G330;A0199970547;420.00;;;MB (modelo a definir)
1798;MB REPARA VALVULA APU AXOR;FARJ931152;108.36;;;MB (modelo a definir)
2952;MB REPARO CUICA DE FREIO 30;QA1116G;120.00;;;MB (modelo a definir)
2919;MB REPARO DA VALVULA (6 VIAS /4VIAS WABCO) AXOR;QA2031M / 9347050012:009;175.00;;;MB (modelo a definir)
2920;MB REPARO DA VALVULA PEDAL;QA1052;130.00;;;MB (modelo a definir)
2295;MB REPARO DO BICO AXOR 3344;F000431702;154.00;;;MB AXOR 3344
2279;MB REPARO DO BLOQUEIO DIFERENCIAL;RDA-1543;45.00;;;MB (modelo a definir)
852;MB REPARO DO EIXO S TRASEIRO AXOR;3454200341 / 6417442;142.50;;;MB (modelo a definir)
2471;MB REPARO E VALVULA DO MODULO GS - AXOR;4213510072;2178.00;;;MB (modelo a definir)
4179;MB REPARO EIXO S / ROTULA E C TRASEIRO AXOR;MA0343;65.95;;;MB (modelo a definir)
1324;MB REPARO VALVULA 4 VIAS KNOR;FARJ940352 / QA-2006;130.00;;;MB (modelo a definir)
1797;MB REPARO VALVULA APU KNORR AXOR;QA-2010C;130.00;;;MB (modelo a definir)
1796;MB REPARO VALVULA APU WABCO;QA-2039;175.00;;;MB (modelo a definir)
1673;MB RESERVATORIO DE ÁGUA - 1720;899;586.00;;;MB 1720
1592;MB RESERVATORIO OLEO HIDRAULICO AXOR;4665902;89.00;;;MB (modelo a definir)
803;MB RESISTENCIA DA CAIXA EVAPORADORA AXOR;DI25158;120.00;;;MB (modelo a definir)
4144;MB RESPIRO DE PLASTICO DO TANQUE DE COMBUSTIVEL / AXOR 3344;;29.38;;;MB AXOR 3344
2903;MB RETENTOR 32X47X7 CAIXA DE TRANSMISSÃO EIXO DE MUDANÇA G240;488763N;54.00;;;MB (modelo a definir)
3145;MB RETENTOR 55X75X10 MUNHÃO 1725;5094 BR;30.00;;;MB ATEGO 1725
576;MB RETENTOR 86X105X5 / 6 DIANTEIRO INTERNO AXOR;7020 GRGE;38.40;;;MB (modelo a definir)
4094;MB RETENTOR BLOQUEIO TAMPA TRASEIRA 75,00X95,00;5856BAGF;50.52;;;MB (modelo a definir)
1620;MB RETENTOR CAIXA CAMBIO TRASEIRO 1720 1725;02530 BRG;15.18;;;MB ATEGO 1725
2897;MB RETENTOR CUBO DE TODA TRASEIRO ATEGO;01884BRAG;89.00;;;MB (modelo a definir)
577;MB RETENTOR CUBO RODA DIANTEIRO EXTERNO 120X150X15/20.8MM - AXOR 3344;7021 BRAGE / 383260;69.84;;;MB AXOR 3344
2608;MB RETENTOR DA LUVA DO CARDANZINHO - AXOR 3344;02753 BRG;153.00;;;MB AXOR 3344
1947;MB RETENTOR DA RODA DIANTEIRA ATEGO 1725;A0199979047;546.77;;;MB ATEGO 1725
940;MB RETENTOR DE RODA TRASEIRO CUBO 1725 1720;01735 BG;39.57;;;MB ATEGO 1725
1802;MB RETENTOR DIFERENCIAL/PINHÃO EXTENO 68X85X10 1720 1725 1418;SAR02557 / 01373N;106.59;;;MB ATEGO 1725
3150;MB RETENTOR DO BLOQUEIO DA TAMPA TRASEIRA DO MERCEDES BENZ AXOR 3344;5855 BAG;57.41;;;MB AXOR 3344
942;MB RETENTOR DO BLOQUEIO FLANGE DIFERENCIAL AXOR;0149971246;79.29;;;MB (modelo a definir)
4126;MB RETENTOR DO CAMBIO FLANGE TRASEIRO GUARDA PO CAIXA G240;08474 BRAG;150.00;;;MB (modelo a definir)
4096;MB RETENTOR DO CUBO DE RODA DIANTEIRO EXTERNO;03682BAGE;62.90;;;MB (modelo a definir)
2922;MB RETENTOR DO DIFERENCIAL EIXO TRASEIRO AXOR;00047B;74.00;;;MB (modelo a definir)
4003;MB RETENTOR DO DIFERENCIAL/PINHAO EXTERNO 68,0X85,0X10,0 MM /1418;SABO 02556 TIPO BAF;70.02;;;MB 1418
4002;MB RETENTOR DO DIFERENCIAL/PINHAO INTERNO 68,0X85,0X10,0 MM /1418;SABOR 02556 (TIPO BAF);48.23;;;MB 1418
1664;MB RETENTOR DO MOTOR/VOLANTE - AXOR 3344;6394 BRAGF / 48.5155-T / 05155GRAHF;165.00;;;MB AXOR 3344
1400;MB RETENTOR DO PINHÃO DO DIFERENCIAL 85X145X12/37 - AXOR 3344;219975947 / 07475-BRABGE / 447,080;133.00;;;MB AXOR 3344
1186;MB RETENTOR DO PRIMEIRO DIFERENCIAL SABO 75X95X10;07290BRAGF;120.00;;;MB (modelo a definir)
1401;MB RETENTOR DO VIRABREQUIM DIANT AXOR;05184GRAHF;150.00;;;MB (modelo a definir)
1259;MB RETENTOR EIXO DIANTEIRO FINAL - AXOR;00618 BAG;19.12;;;MB (modelo a definir)
2895;MB RETENTOR LADO VOLANTE AXOR 3344;48.5155-T;120.00;;;MB AXOR 3344
3144;MB RETENTOR PARA ROLAMENTO NA NKS55 ATEGO 1725;5362B R;30.00;;;MB ATEGO 1725
2898;MB RETENTOR PINHÃO TAMPA TRASEIRA DO CAMBIO 1720;02607BRG;35.00;;;MB 1720
1187;MB RETENTOR RODA FONICA FREIO ABS;7296;190.02;;;MB (modelo a definir)
3036;MB RETENTOR TAMPA MANCAL;A0129978247;33.00;;;MB (modelo a definir)
2899;MB RETENTOR TRASEIRO DO VIRABREQUIM 1725;07855V;106.34;;;MB ATEGO 1725
4127;MB RETENTOS DO CUBO DA RODA INTERNA;03681;35.25;;;MB (modelo a definir)
2218;MB RETIFICADOR ALTERNADOR AXOR 3344;F00M133290;198.00;;;MB AXOR 3344
566;MB RETROVISOR COMPLETO AXOR 3344;1795M;707.15;;;MB AXOR 3344
3179;MB RETROVISOR LD 1725;6828108016;240.00;;;MB ATEGO 1725
3282;MB RETROVISOR LE MAIOR 1725;M026M;241.95;;;MB ATEGO 1725
3190;MB RETROVISOR PRINCIPAL SEM BRAÇO LD AXOR;1802M;266.00;;;MB (modelo a definir)
3189;MB RETROVISOR PRINCIPAL SEM BRAÇO LE AXOR;1804M;266.00;;;MB (modelo a definir)
1889;MB RODA FONICA DIANTEIRA - AXOR 3344;;190.02;;;MB AXOR 3344
256;MB ROLAMENTO 30BD40AT12DDF2 ESTICADOR AXOR;30BD40AT12DD / FWD30550023-SB01;62.00;;;MB (modelo a definir)
261;MB ROLAMENTO 33210 50X90X32MM 1720;33210;217.00;;;MB 1720
297;MB ROLAMENTO 6003-2RS ALTERNADOR AXOR;6003-2RS;28.00;;;MB (modelo a definir)
278;MB ROLAMENTO B17-99 DDG8CM 17X52X17 ANTERNADOR AXOR;B17-99 DDG8C;79.49;;;MB (modelo a definir)
3374;MB ROLAMENTO CUBO RODA TRAZEIRO ATEGO 1726;33020;214.14;;;MB ATEGO 1726
157;MB ROLAMENTO CUBO TRASEIRO EXTERNO AXOR;567549;450.00;;;MB (modelo a definir)
2833;MB ROLAMENTO DA HELICE DO MOTOR AXOR;581108A1;189.00;;;MB (modelo a definir)
3091;MB ROLAMENTO DA POLIA TENSORA OM366LA 1720;564583;87.40;;;MB 1720
4278;MB ROLAMENTO DA RODA TRASEIRA EXTERNA;802785 / 33116;120.00;;;MB (modelo a definir)
4163;MB ROLAMENTO DE CENTRO 45MM 1418/1720...;R-3061;246.48;;;MB 1720
2240;MB ROLAMENTO DE CENTRO EIXO CARDAN AXOR 3344;R-3091;599.99;;;MB AXOR 3344
1236;MB ROLAMENTO DIANTEIRO DO DIFERENCIAL;32017A;302.19;;;MB (modelo a definir)
166;MB ROLAMENTO DIANTEIRO EXTERNO AXOR 3344;32310;220.00;;;MB AXOR 3344
4262;MB ROLAMENTO DIANTEIRO INTERNO LADO PINHÃO (32314);802787;1244.00;;;MB (modelo a definir)
2276;MB ROLAMENTO DIFERENCIAL / LAT CX SATELITE;32020;205.97;;;MB (modelo a definir)
2275;MB ROLAMENTO DIFERENCIAL / LATERAL CAIXA SATELITE AXOR;32017;305.72;;;MB (modelo a definir)
2277;MB ROLAMENTO DIFERENCIAL/PINHÃO GRANDE EXTERNO AXOR;32314;226.76;;;MB (modelo a definir)
3226;MB ROLAMENTO DO CARDAN CENTRAL 2324K;801174;410.00;;;MB (modelo a definir)
2273;MB ROLAMENTO DO DIFERENCIAL / BLOQUEIO;6212-C3;104.68;;;MB (modelo a definir)
4303;MB ROLAMENTO DO DIFERENCIAL / COROA;802716 / 32020X;167.00;;;MB (modelo a definir)
2272;MB ROLAMENTO DO DIFERENCIAL / PINHÃO;32215;239.66;;;MB (modelo a definir)
2278;MB ROLAMENTO DO DIFERENCIAL /PINHÃO MENOR FURO 65 AXOR;32313;428.17;;;MB (modelo a definir)
2686;MB ROLAMENTO DO DIFERENCIAL DIANTEIRO - AXOR 3344;31313AA1;240.60;;;MB AXOR 3344
4302;MB ROLAMENTO DO DIFERENCIAL ESQUERDO LAT. CX SATÉLITE;32017 / 802831;194.00;;;MB (modelo a definir)
2271;MB ROLAMENTO DO DIFERENCIAL HD7 PINHÃO DIANTEIRO AXOR;31313A;296.00;;;MB (modelo a definir)
3118;MB ROLAMENTO DO MUNHÃO ATEGO 1725;NA4910 XL INA;210.00;;;MB ATEGO 1725
276;MB ROLAMENTO DO VOLANTE 25X62X24 -;62305-2RS1;160.00;;;MB (modelo a definir)
2836;MB ROLAMENTO DO VOLANTE AXOR;546485;39.40;;;MB (modelo a definir)
4288;MB ROLAMENTO DO VOLANTE MOTOR OM366A;5205.2RSR.A4;52.00;;;MB (modelo a definir)
158;MB ROLAMENTO INTERNO CUBO DIANTEIRO AXOR 3344;BT1-0084/Q;498.84;;;MB AXOR 3344
1910;MB ROLAMENTO INTERNO DA RODA DIANT 1720;33019;188.00;;;MB 1720
3319;MB ROLAMENTO LATERAL DA COROA AXOR;33115;145.00;;;MB (modelo a definir)
162;MB ROLAMENTO SUPORTE DA MOLA DO DIFERENCIAL;32022;550.00;;;MB (modelo a definir)
160;MB ROLAMENTO TRASEIRO CUBO REDUTOR;33022-9X026;328.00;;;MB (modelo a definir)
1785;MB ROLDANA C/ PINO E TRAVA PATIM DO AXOR;BRC-509183;57.20;;;MB (modelo a definir)
1750;MB ROTOR TITAN 24V - AXOR 3344;F00M131852;363.00;;;MB AXOR 3344
2663;MB ROTULA 545C;9M-1328;420.00;;;MB (modelo a definir)
3239;MB SENSOR DA TROCA DE MACHA AXOR;5429118;398.00;;;MB (modelo a definir)
104;MB SENSOR DA VALVULA APU 5595 3 RH;5595;266.35;;;MB (modelo a definir)
217;MB SENSOR DE FREIO ABS TRAS. DIR.;LNG54-992;170.00;;;MB (modelo a definir)
3343;MB SENSOR DE PRESSÃO DE ÓLEO ATEGO 1720;OM457904;0.00;;;MB ATEGO 1720
2003;MB SENSOR DE PRESSÃO DO TURBO AXOR 3344;0281006481;360.00;;;MB AXOR 3344
2665;MB SENSOR DE ROTAÇÃO DA CAIXA B3 - AOXR 3344;0501.320.073;514.00;;;MB AXOR 3344
1502;MB SENSOR DE ROTAÇÃO DO MOTOR - AXOR 3344;54-324 / 6PU009168911;244.29;;;MB AXOR 3344
3280;MB SENSOR DE TEMPERATURA DE ÁGUA 1725;4253;95.50;;;MB ATEGO 1725
2061;MB SENSOR DE VELOCIDADE ATEGO 1720;54-206 / 0095421017;202.00;;;MB ATEGO 1720
3345;MB SENSOR DE VELOCIDADE INDUTIVO;54-116;0.00;;;MB (modelo a definir)
2280;MB SENSOR DO BALÃO AXOR 3344;3-RHO7729;231.00;;;MB AXOR 3344
1832;MB SENSOR DO FREIO ABS TRAS ESQ. AXOR 3344;LNG54-1069;170.97;;;MB AXOR 3344
3242;MB SENSOR DO VELOCIMETRO 3 PINOS AXOR;013 542;229.11;;;MB (modelo a definir)
3241;MB SENSOR DO VELOCIMETRO 55MM 2 PINOS REDONDOS;0125425617;522.43;;;MB (modelo a definir)
3116;MB SENSOR EXTERNO DA CAIXA DE MARCHA;A0075424418;1665.00;;;MB (modelo a definir)
3240;MB SENSOR INDUTIVO CAMBIO G.85 AXOR;0155422417;215.52;;;MB (modelo a definir)
1607;MB SENSOR LUZ DE FREIO - AXOR 3344;RHO 353;47.69;;;MB AXOR 3344
3166;MB SENSOR PRESSAO OLEO MOTOR MB MOTOR 1720;7722;239.00;;;MB 1720
1799;MB SENSOR TEMPERATURA D'AGUA AXOR;54-103;118.00;;;MB (modelo a definir)
1065;MB SERVO DE EMBREAGEM 2423K/1720;9700511280;751.00;;;MB 1720
732;MB SERVO DE EMBREAGEM AXOR 3344 AUTOMATICO;;5175.00;;;MB AXOR 3344
734;MB SERVO DE EMBREAGEM SEMI-AUTO - AXOR 3344;970.051.4540 / 177010;3772.68;;;MB AXOR 3344
1010;MB SOQUETE FAROL CAMINHÃO LAMPADA;ETE7119;16.00;;;MB (modelo a definir)
793;MB SOQUETE FAROL DIANTEIRO AXOR;PL99221796;33.50;;;MB (modelo a definir)
1971;MB SOQUETE LANTERNA LATERAL;ETE-7122;6.65;;;MB (modelo a definir)
4354;MB SUPORTE ALTERNADOR AXOR (TODOS);457.155.2535;1390.00;;;MB (modelo a definir)
2927;MB SUPORTE DA PLACA DO AXOR;A9588800048;30.00;;;MB (modelo a definir)
136;MB SUPORTE DE ESCOVAS MOTOR DE PAR;1.105/4;60.00;;;MB (modelo a definir)
870;MB SUPORTE DE ESCOVAS MOTOR DE PARTIDA - AXOR 3344;A-00124V / 1.192/4 / 1.191/4;139.50;;;MB AXOR 3344
3084;MB SUPORTE DESLIZANTE DA MOLA LD TRAS E LE DIANT AXOR 3344;DESLIZANTE;375.00;;;MB AXOR 3344
3083;MB SUPORTE DESLIZANTE DA MOLA LE TRAS E LD DIANT AXOR 3344;DESLIZANTE;375.00;;;MB AXOR 3344
2470;MB SUPORTE DO ALTERNADOR - AXOR 3344;A4571551535;2065.00;;;MB AXOR 3344
3196;MB SUPORTE DO ALTERNADOR 1725;9061500770;151.64;;;MB ATEGO 1725
3354;MB SUPORTE DO CARDAN;R-3067;549.00;;;MB (modelo a definir)
1726;MB SUPORTE DO FAROL LADO DIREITO M;60-876;293.00;;;MB (modelo a definir)
724;MB SUPORTE DO FAROL LADO ESQUERDO MB AXOR 3344;9408851431;340.00;;;MB AXOR 3344
3281;MB SUPORTE FIXAÇÃO DE PLACA 1725;6938857014;27.85;;;MB ATEGO 1725
991;MB SUPORTE FIXAÇÃO INFERIOR FAROL;54-746;13.00;;;MB (modelo a definir)
2041;MB SUPORTE FIXAÇÃO PLACA DIANT - AXOR 3344;190057;45.00;;;MB AXOR 3344
992;MB SUPORTE FIXAÇÃO SUPERIOR FAROL;SUPORTE;11.94;;;MB (modelo a definir)
2928;MB SUPORTE PATIM EIXO S DIANTEIRO AXOR 3344;SC01505;250.00;;;MB AXOR 3344
2225;MB SUPORTE PATIM EIXO S TRASEIRO AXOR 3344;058325;389.00;;;MB AXOR 3344
2042;MB SUPORTE PLACA DIANT - AXOR 3344;9418801970;219.00;;;MB AXOR 3344
3124;MB SUSPIRO DO MOTOR AXOR 3344;A0000189135;3538.60;;;MB AXOR 3344
1719;MB SUSPIRO TANQUE DE COMBUSTIVEL AXOR;9584760032;37.95;;;MB (modelo a definir)
2026;MB TAMBOR DE FREIO DIANT. AXOR 3344;036393;1156.48;;;MB AXOR 3344
1359;MB TAMBOR DE FREIO TRASEIRO - AXOR;TAMBOR;1150.00;;;MB (modelo a definir)
3237;MB TAMBOR DE FREIO TRASEIRO E DIANT ATEGO 1725;01214;784.00;;;MB ATEGO 1725
2930;MB TAMPA CAIXA DA BATERIA DO AXOR;FT151;250.00;;;MB (modelo a definir)
2620;MB TAMPA DE VALVULA - AXOR 3344;A 4570100930;291.00;;;MB AXOR 3344
2924;MB TAMPA DO CUBO;3273560120;200.00;;;MB (modelo a definir)
2254;MB TAMPA DO FILTRO DE AR 2423K;0000900912;93.00;;;MB (modelo a definir)
3017;MB TAMPA DO FILTRO DE AR DO MOTOR 2423K;0000900912;52.00;;;MB (modelo a definir)
3159;MB TAMPA DO FILTRO DE AR DO MOTOR AXOR 3344;0010944603;249.50;;;MB AXOR 3344
1662;MB TAMPA DO FILTRO DE COMBUSTIVEL;180.007-8;39.21;;;MB (modelo a definir)
1763;MB TAMPA DO MANCAL DO AXOR;TP014;120.00;;;MB (modelo a definir)
2933;MB TAMPA DO RESERVATORIO AXOR;0005016715;39.00;;;MB (modelo a definir)
846;MB TAMPA DO TANQUE AXOR - E CARROS DE APOIO;TC1014;74.28;;;MB (modelo a definir)
2373;MB TANQUE 300 AXOR 3344;A3844700501;1550.00;;;MB AXOR 3344
2203;MB TENSOR ATEGO 1725;ZEN13168;532.00;;;MB ATEGO 1725
1304;MB TENSOR CORREIA POLIA ESTRIADA AXOR 3344;90001667;287.52;;;MB AXOR 3344
476;MB TENSOR CORREIA POLIA LISA AXOR 3344;A45720045700001 / MIC 1687;246.62;;;MB AXOR 3344
2960;MB TERMINAL DA CAIXA DE AMBIO ZF M12 DIR. TODOS 1950 A 2005;P2558A;35.00;;;MB (modelo a definir)
2959;MB TERMINAL DA CAIXA DE AMBIO ZF M12 ESQ. TODOS 1950 A 2005;P2559A;35.00;;;MB (modelo a definir)
2912;MB TERMINAL DA CAIXA DE CAMBIO M14X1.5 DIR. 1725;P02426;65.00;;;MB ATEGO 1725
1679;MB TERMINAL DA SEMI BARRA LD M30X1,5M ATEGO 1726;ZL4550C;156.00;;;MB ATEGO 1726
1069;MB TERMINAL DA SEMI-BARRA (ROSCA 30X1.5 ATEGO 1726;P02422;143.46;;;MB ATEGO 1726
713;MB TERMINAL DE DIREÇÃO (ROSCA M30 AXOR;P03206;151.58;;;MB (modelo a definir)
1013;MB TERMINAL DE DIREÇÃO LD M30 X 1,5 1720 /1418;N 533 / P1924B;137.00;;;MB 1720
3288;MB TERMINAL DE DIREÇÃO LE M30 X 1,5 1720 / 1418;N 580 / P1923B;137.00;;;MB 1720
714;MB TERMINAL HASTE CAMBIO MB MERCED;26323;61.00;;;MB (modelo a definir)
717;MB TERMINAL SEMI-BARRA 47X16MM ROSCA DIR - AXOR 3344;ZL2053;175.00;;;MB AXOR 3344
2916;MB TIRANTE DA BARRA ESTABILIZADOR 1720;3843207989 / ZL1067;150.00;;;MB 1720
853;MB TRAVA ARANHA TRASEIRA AXOR;16939;12.12;;;MB (modelo a definir)
2926;MB TRAVA DO CUBO REDUTOR AXOR;N000472105000;15.00;;;MB (modelo a definir)
2829;MB TRAVA DO PINO MOLA DIANT / TRASEIRA 1720;3529900337;23.00;;;MB 1720
4252;MB TUBO DE ÁGUA AXOR;4906411;212.00;;;MB (modelo a definir)
4332;MB TUBO DE AR DE CARGA AXOR;A4570988707;1933.00;;;MB (modelo a definir)
4108;MB TUBO ENCHIMENTO ÓLEO AXOR 2035 ATE 4144;9405011882;245.00;;;MB (modelo a definir)
1229;MB TUBO FLEXIVEL ESCAPAMENTO DO ES;TM 1099C;225.00;;;MB (modelo a definir)
155;MB TUBO FLEXIVEL SANFONADO ESCAPAMENTO INOX - AXOR 3344;9414900165;315.59;;;MB AXOR 3344
2908;MB TUDO ENCHIMENTO DE OLEO 3344;BR512220;350.00;;;MB AXOR 3344
2935;MB TURBINA AXOR 3344 (RECONDICIONADA);56411013060;3500.00;;;MB AXOR 3344
1292;MB VALVULA 4 VIAS - AXOR 3344;K014440BR;1075.00;;;MB AXOR 3344
1945;MB VALVULA 6 VIAS - MB 1720 2423K;816.3015-0;419.02;;;MB 1720
1293;MB VALVULA APU - AXOR 3344;K004502;1050.00;;;MB AXOR 3344
4031;MB VALVULA APU 1720;81630130;711.00;;;MB 1720
1303;MB VALVULA DE RETENÇÃO COMBUSTIVEL;18-035;125.00;;;MB (modelo a definir)
3274;MB VALVULA DE RETORNO 1725;A90609212110;569.00;;;MB ATEGO 1725
2640;MB VALVULA DISTRIBUIDORA - AXOR 3344;816.3054-0;662.00;;;MB AXOR 3344
4240;MB VALVULA DO PEDAL DO FREIO 1418;SCHULZ 81630050;324.00;;;MB 1418
911;MB VALVULA MODULADORA DO EIXO TRAS (SAPO) - AXOR 3344;A0004208671;1330.00;;;MB AXOR 3344
1319;MB VALVULA MODULADORA SEMI-AUTO - AXOR 3344;4721950160;250.00;;;MB AXOR 3344
3305;MB VALVULA PEDAL AXOR 3344;816.3007-0;398.00;;;MB AXOR 3344
3344;MB VALVULA PONTO NEUTRO/ BLOQUEIO ATEGO;A0022604657;0.00;;;MB (modelo a definir)
1053;MB VALVULA RELE - AXOR 3344;9730110070 / LL31319-60;309.00;;;MB AXOR 3344
1183;MB VALVULA SENSIVEL A CARGA CAMINH;VALVULA SENS;324.00;;;MB (modelo a definir)
1806;MB VALVULA SOLENOIDE DUPLA 12V 12V;43-030;317.79;;;MB (modelo a definir)
1406;MB VALVULA SOLENOIDE FREIO MOTOR AXOR 3344;43-887 LNG / 4720706390;325.77;;;MB AXOR 3344
3164;MB VALVULA SOLENOIDE RANGER AUTO AXOR 3344;A0022609563 / 4213520820;2137.45;;;MB AXOR 3344
2124;MB VALVULA SOLENOIDE RANGER SEMI-AUTO AXOR 3344;;2137.45;;;MB AXOR 3344
3366;MB VALVULA TERMOSTATICA (BOMBA D'ÁGUA);0032037875;85.00;;;MB (modelo a definir)
1073;MB VALVULA TOP BREAKE AXOR 3344;A5410500370;2007.00;;;MB AXOR 3344
1776;MB VAVULA DO ESTRANGULADOR CONSTANTE AXOR;5410560404;745.00;;;MB (modelo a definir)
3095;MB VENTILADOR AR CONDICIONADO ELETRICO;DS676190;370.00;;;MB (modelo a definir)
2642;MB VOLANTE DE EMBREAGEM 430MM - AXOR 3344;46351207;1925.00;;;MB AXOR 3344
4255;MB VOLANTE DE MOTOR C/ CREMALHEIRA MB OM366A;3760301305;1060.00;;;MB (modelo a definir)
2244;MB VOLANTE MOTOR COMPLETO 350MM 1720;191479;1352.00;;;MB 1720
1836;MBCABO ESTRANGULADOR 1720;121130;64.00;;;MB 1720
1747;MBCARCAÇA ALTERNADOR COM DIODO -;F000.BL1.9N2;460.00;;;
126;MBCHAVE GERAL 12V/24V 1000A UNIVE;IM11108;94.97;;;
1683;MBCHICOTE FAROL AUXILIAR;DP2.7799;27.00;;;
1940;MBCILINDRO ACIONAMENTO FREIO MOTO;43-355;450.00;;;
1739;MBCILINDRO BASCULAR - ATEGO 1725;BZ2088;908.04;;;MB ATEGO 1725
1791;MBCILINDRO BASCULAR CABINE;9585530305;1700.07;;;
1618;MBCILINDRO GP TRANSMISSÃO - AXOR;4213520820;2429.27;;;
96;MBCILINDRO PNEUMATICO ACIONAMENTO;816.3046-0;160.32;;;
1748;MBCOLAR DE EMBREAGEM - AXOR 3344;VKC4749;726.66;;;MB AXOR 3344
1274;MBCONE SICRONIZADOR AXOR 3344;945.262.5434;816.27;;;MB AXOR 3344
1904;MBCONECTOR VALVULA SOLENOIDE FREI;ETE5676;54.23;;;
1262;MBCONJUNTO FILTRO DE AR AXOR;9585200353;1798.00;;;
1584;MBCONJUNTO MONTADO(A) DO EIXO CAR;;2253.00;;;
95;MBCORREIA 8PK1370 AXOR;8PK1370;65.84;;;
305;MBCOXIM COMPLETO DIANTEIRO DA SUSPENSÃO 1720;R-299A;145.00;;;MB 1720
1805;MBCOXIM DA CABINE 1720;R-776;217.66;;;MB 1720
1572;MBCOXIM DA CAIXA DE REDUÇÃO - ATE;A9402850082;1600.00;;;
1309;MBCOXIM TRASEIRO DA SUSPENSÃO DA;R-3452;32.30;;;
840;MBCRUZETA 138,6X49,2 CARDAN MB AT;995929;320.00;;;
1348;MBCUICA DE FREIO DUPLA ESQUERDA H;K072074;1226.02;;;
718;MBDESLIZANTE DO FEIXE DE MOLA TRA;6253250319;750.00;;;
1943;MBDISCO DIAGRAMA PARA TACOGRAFO 7;7 DIAS 180KM;25.80;;;
1209;MBEMBREAGEM VISCOSA - ATEGO 1725;1932235;737.00;;;MB ATEGO 1725
1808;MBEMBREAGEM VISCOSA 1720;V-1003;683.01;;;MB 1720
1278;MBENGRANAGEM CONSTANTE DO PILOTO;60.53.2443;1328.17;;;
570;MBFAROL PRINCIPAL DUPLO DIREITO 2;F146;317.50;;;
569;MBFAROL PRINCIPAL DUPLO ESQUERDO;F145;317.50;;;
1547;MBFECHADURA DA CABINE - 1720;;200.00;;;MB 1720
1180;MBFILTRO COMBUSTIVELTECFIL PSC17;PSC172;49.50;;;
43;MBFILTRODEAR C 27 844/1 1720;C 27 844/1;154.85;;;MB 1720
1578;MBFILTRODEAR PRIMARIO - ATEGO 1;ARS1188;185.03;;;
430;MBFILTRODIESEL/RACOR SEPARADOR D;A9584770015K;140.00;;;
51;MBFILTRODO AR CONDICIONADO P7892;P789247;103.00;;;
1920;MBFLANGEACOPLAMENTO DIFERENCIAL;S-602;756.25;;;
1552;MBFLANGECARDAN DIFERENCIAL TRASE;S-364;1124.41;;;
1667;MBGARFO DE COMANDO DO BLOQUEIO -;A9483530034;374.85;;;
1666;MBGARFO DE MUDANÇAS DO BLOQUEIO -;56.17.0252;695.07;;;
871;MBINDUZIDO PARTIDA 12V 1720;ZEN24046;647.00;;;MB 1720
1891;MBINTERRUPTOR DO FAROL 1720;3040105;48.81;;;MB 1720
1803;MBJOGO DE PINO C/ BUCHAS FEIXE DE;RIV-P1022;337.44;;;
1472;MBKIT DE MOLA DA SAPATA;100000173338;36.58;;;
1445;MBKIT EMBREAGEM (PLATOR E DISCO);;2384.00;;;
1230;MBKIT EMBREAGEM RECONDICIONADA CO;;5500.00;;;
1323;MBKIT REPARO SECADOR DE AR 2423K;REPARO;185.79;;;
1523;MBKIT VARETA VALVULA MOTOR - 1720;;446.00;;;MB 1720
1897;MBLANTERNA TRASEIRA AMARELA/VERME;238619;31.53;;;
1792;MBLANTERNA TRASEIRA DIR AXOR 3344;PL9164109;315.21;;;MB AXOR 3344
1793;MBLANTERNA TRASEIRA ESQ AXOR;PL9164209;315.21;;;
1089;MBLIMPADOR PARABRISA CK-P1272M CA;P172M24;43.70;;;
1909;MBMANETE FREIO DE MÃO - AXOR;DPM66BBR;390.00;;;
146;MBMANGUEIRA DO INTERCOOLER/SILICO;4170.0017;150.00;;;
1409;MBMOTOR VENTILADOR DO AR CONDICIO;OEM-00383001;470.00;;;
1833;MBPARAFUSO 10MMX20MM ROSCA 1,0 C;10X20X1.0;3.50;;;
843;MBPARAFUSO DO TENSOR V 24X97,7MM;269060;37.81;;;
1019;MBPINO DE CENTRO COM PORCA 18X12;18X12;47.50;;;
1370;MBPOLIA DO ALTERNADOR COM DOIS CA;R-381P;195.00;;;
94;MBREGULADOR DE VOLTAGEM 14V;IK5307;187.88;;;
128;MBRELE AUXILIAR PARTIDA MB.29MT D;ZM3407;221.00;;;
1279;MBREPARO CAIXA DE TRASMISSÃO AXOR;48.860-ORT-R;374.91;;;
1266;MBREPARO GARFO EMBRAGEM COMPLETO;6419615;449.51;;;
1475;MBREPARO VALVULA RELE -RE4 3 SAID;QA-441GP;74.80;;;
581;MBRETENTOR CUBO RODA EXTERNO TRAS;2679;60.00;;;
1948;MBRETENTOR DE RODA INTERNO 140X16;6930 BRG;75.00;;;
1801;MBRETENTOR DIFERENCIAL/PINHÃO INT;SAR0556;56.64;;;
1358;MBRETENTOR SAIDA TRASEIRA CAMBIO;CORTECO 0785;95.00;;;
1885;MBRODA LIVRE MANUAL AVM458 1720 (;AVM458;3364.99;;;MB 1720
1281;MBROLAMENTO DE ROL CONICO EIXO P;300014904;350.00;;;
1282;MBROLAMENTO CAMBIO MOVEL CONSTANT;30.001680-4;368.92;;;
1237;MBROLAMENTO DO DIFERENCIAL AXOR 3;32215-9X209;173.03;;;
1668;MBROLAMENTO LATERAL COROA HL5 RED;32020X-9X026;217.75;;;
1551;MBROLAMENTO PINHÃO TRASEIRO EXTER;31311 AA1;344.28;;;
1550;MBROLAMENTO PINHÃO TRASEIRO INTER;32314A;484.00;;;
1310;MBROLAMENTODE CENTRO 45MM;801157;141.29;;;
1751;MBROTOR TITAN MOD 28V - AXOR 3344;100033;380.00;;;MB AXOR 3344
1290;MBSENSOR DE VELOCIDADE - AXOR 334;54-985;355.00;;;
801;MBSENSOR PRESSAO RESERVATORIO DE;9795420318;160.00;;;
769;MBSEPARADOR GRAMPO MB AXOR TRAÇAD;9473510026;196.29;;;
1682;MBSOQUETE;ETE7725;27.00;;;
1686;MBSUPORTE AMORTECEDOR DIANT LE 17;17967;860.00;;;
1795;MBSUPORTE PATIM DE FREIO DIANT AX;3464213106;440.89;;;
1064;MBTAMPA DE VEDAÇÃO (MORINGA) 2423;R-3273;935.14;;;
1811;MBVALVULA REGULADORA 6 VIAS 1720;337614;523.19;;;MB 1720
1695;MBVIDRO DA PORTA LD AXOR;25541255;375.00;;;
1439;MBVIDRO VIGIA TRASEIRO 2423K;VIDRO;350.00;;;
1604;MBVVALVULA BANCO A AR AXOR ATEGO;A0009109438;339.00;;;
1218;MEIA BUCHA DA BARRA ESTABILIZADORA;R-458;21.40;;;
345;METASIL DESENGRAXANTE (ROXO) 1LT;METASIL;12.50;;;
835;"MOCHILA DE COSTA 17""";MF24587;24.00;;;
3223;MODULO DO MOTOR MR;0074467840;6500.00;;;
4376;MOLA CAMBÃO 369MMFN;8608-0;0.00;;;
1257;MOTOESMERIL 1/2 CV 110/220V BIVOLT;9727;250.00;;;
4373;MOTOSSERRA EM OPERAÇÃO;2026;4600.00;;;
817;MOTOSSERRA STIHL MS462;4226;3900.00;;;
1949;MOTOSSERRA STIHL MS651;MS651;3900.00;;;
2212;MOTOSSERRA STIHL MS661;0;4600.00;;;
1178;MOUSE OPTICO;;25.00;;;
2650;MS AMORTECEDOR - 661 / 651;11357912800/11357912800;10.75;;;STIHL MS 661
2875;MS AMORTECEDOR 462 661 651;11337915900;10.30;;;STIHL MS 661
2649;MS AMORTECEDOR DE ENCOSTO 661 / 651;11407915901;20.65;;;STIHL MS 661
335;MS ARRUELA DE SEGUR. 8X15,75X1,3;94606240801;5.00;;;STIHL MS (modelo a definir)
334;MS ARRUELA DO PINHÃO 10X27X2,7;9581032;18.00;;;STIHL MS (modelo a definir)
4147;MS BASE DO FILTRO DE AR 661;111401401200;45.36;;;STIHL MS 661
2874;MS BATENTE DE GARRA 462;00006600801/ 111426640500;18.00;;;STIHL MS 462
2873;MS BATENTE DE GARRA 661;11446600802;16.00;;;STIHL MS 661
2872;MS BATENTE DE GARRA LADO TAMPA DO SABRE;11226640501;38.60;;;STIHL MS (modelo a definir)
491;MS BATENTE DE GARRA MS462;11426640500;18.00;;;STIHL MS (modelo a definir)
2867;MS BOBINA DE IGNIÇÃO 651/661;11224001314;250.00;;;STIHL MS 661
2188;MS BOMBA DE OLEO 651 661;11446403200;353.31;;;STIHL MS 661
395;MS BOMBA DE OLEO MS82/462;11426403200;293.85;;;STIHL MS 462
809;MS CABEÇOTE DE ASPIRAÇÃO;3503518;15.05;;;STIHL MS (modelo a definir)
2671;MS CABEÇOTE DE ASPIRAÇÃO DE ÓLEO;11176403800;13.20;;;STIHL MS (modelo a definir)
2896;MS CABO DE LIGAÇÃO;11444403003;40.00;;;STIHL MS (modelo a definir)
2871;MS CABO DE LIGAÇÃO 651/661;11444403000;45.00;;;STIHL MS 661
2288;MS CABO DE LIGAÇÃO BG86;42414403000;57.00;;;STIHL MS (modelo a definir)
2683;MS CARBURADOR 462;11421200606;383.16;;;STIHL MS 462
2680;MS CARBURADOR 651/661;11441200627;391.00;;;STIHL MS 661
2287;MS CARBURADOR BG56;42411200629;297.18;;;STIHL MS (modelo a definir)
2108;MS CARBURADOR BG86;BG86;243.00;;;STIHL MS (modelo a definir)
3142;MS CARBURADOR MS 660;1221200623;395.00;;;STIHL MS 660
1927;MS CARCAÇA TANQUE DE COMBUSTIVEL - 661 - 651;11443500811;374.00;;;STIHL MS 661
2231;MS CARCAÇA VIRABREQUIM LADO LADO SABRE 661;11440202924;1306.00;;;STIHL MS 661
2268;MS CARCAÇA VIRABREQUIM LADO VOLANTE;11440202604;648.00;;;STIHL MS (modelo a definir)
4264;MS CHAPA DE REFRIGERAÇÃO 661;11441413200;12.00;;;STIHL MS 661
505;MS CHAPA DEFLETORA MS462;11226642200;12.00;;;STIHL MS (modelo a definir)
2194;MS CHAVE CANHÃO REGUÇAGEM SOPRADOR;59108902307;69.00;;;STIHL MS (modelo a definir)
248;MS CHAVE COMBINADA 651/661;11298903401;35.59;;;STIHL MS 661
2193;MS CHAVE T27X200MM TORK;59108902415;76.00;;;STIHL MS (modelo a definir)
1708;MS CILINDRO COM PISTÃO S=56MM MS651;11440201201;1088.00;;;STIHL MS (modelo a definir)
2468;MS CILINDRO COM PISTÃO S=56MM MS661;11440201202;1106.00;;;STIHL MS (modelo a definir)
253;MS CINTA DE FREIO MS462;11421605400;41.70;;;STIHL MS (modelo a definir)
2187;MS CINTA FREIO 651;11441605400;25.00;;;STIHL MS 651
2681;MS COBERTURA 661/651;11440801600;79.60;;;STIHL MS 661
2630;MS CONEXÃO - 651;11441412205;113.00;;;STIHL MS 651
2669;MS CONEXÃO - 661;126-5476;91.00;;;STIHL MS 661
493;MS CONEXÃO 462;11421412200;80.00;;;STIHL MS 462
2893;MS CONEXÃO 661;11441412202;113.00;;;STIHL MS 661
251;MS CORREDIÇA TENSORA - MS462 MS651 MS661;11256401900;14.08;;;STIHL MS (modelo a definir)
2171;MS EMBREAGEM 651/661;11441602001;204.74;;;STIHL MS 661
2230;MS EMBREAGEM MS462;11421602000;149.26;;;STIHL MS (modelo a definir)
2491;MS ESTICADOR DA CORRENTE COMPLETO 651 462 661;MA020071002;58.88;;;STIHL MS 661
254;MS FILTRO DE AR MS462;11421404402;49.93;;;STIHL MS (modelo a definir)
1571;MS FILTRO DE AR MS651;11441404402;63.54;;;STIHL MS (modelo a definir)
2684;MS GAIOLA DE AGULHA DO PINHÃO 10X16X12 462;95129332379;43.00;;;STIHL MS 462
336;MS GAIOLA DE AGULHA DO PINHÃO 651/661;95129332379;36.14;;;STIHL MS 661
3141;MS GAIOLA DE AGULHAS DO PISTÃO 12X17X14,4 MS 661;95120033286;39.66;;;STIHL MS 661
2289;MS INTERRUPTOR BG86;42414308900;24.00;;;STIHL MS (modelo a definir)
2679;MS JOGO DE ANEIS DO PISTÃO 651/661;11440343002;77.44;;;STIHL MS 661
2169;MS JOGO DE JUNTA 661;11440071601;142.00;;;STIHL MS 661
3143;MS JOGO DE JUNTA MS 660;11220071054;27.23;;;STIHL MS 660
806;MS JOGO DE JUNTA MS462;11420071600;60.00;;;STIHL MS (modelo a definir)
2914;MS JOGO DE JUNTAS DE VEDAÇÃO 651;11440071606;118.71;;;STIHL MS 651
498;MS JOGO DE PEÇAS DO CARBURADOR MS-;11440071701;110.00;;;STIHL MS (modelo a definir)
252;MS JOGO RODA DENTADA (ESTICADOR DE CORRENTE) - MS462 MS651 MS661;11250071021;70.57;;;STIHL MS (modelo a definir)
2868;MS JUNTA DO CILINDRO 651;11440292305;8.00;;;STIHL MS 651
2870;MS JUNTA DO CILINDRO 651/661;11441490600;8.00;;;STIHL MS 661
3262;MS KIT ROLAMENTO DO VIRABREQUIM 462;11420071002;75.19;;;STIHL MS 462
2894;MS MANGUEIRA;11403587706;47.00;;;STIHL MS (modelo a definir)
4016;MS MANGUEIRA DO ÓLEO 661;11226479400;21.16;;;STIHL MS 661
2876;MS MANIPULO DE PARTIDA 651;11227903400;59.00;;;STIHL MS 651
2228;MS MODULO DE IGNIÇÃO 661/651;11444001309;573.00;;;STIHL MS 661
2869;MS MOLA;11447913103;15.00;;;STIHL MS (modelo a definir)
1929;MS MOLA DE EMBREAGEM 462;00009975609;4.71;;;STIHL MS 462
2174;MS MOLA DE EMBREAGEM 651/661;00009975520;4.71;;;STIHL MS 661
2631;MS MOLA DO TUBO DO PUNHO - 651 661;11447908301;58.00;;;STIHL MS 661
1249;MS PEÇA APOIO (ESTICADOR) 462/651/661;11226644500;16.00;;;STIHL MS 661
2170;MS PISTÃO 651/661;11440302001;397.00;;;STIHL MS 661
2670;MS PISTÃO MS462;11420302006;358.93;;;STIHL MS (modelo a definir)
2685;MS PORCA DO SABRE;212581818;6.27;;;STIHL MS (modelo a definir)
2172;MS PRISIONEIRO SABRE 661;00006642417;12.28;;;STIHL MS 661
2682;MS PROTEÇÃO DA MÃO 651/661;11447909100;72.75;;;STIHL MS 661
1434;MS PROTEÇÃO DE MÃO;11427909101;50.50;;;STIHL MS (modelo a definir)
2232;MS PROTEÇÃO TAMPA SABRE (PÓ SERRAGEM);11446561500;45.44;;;STIHL MS (modelo a definir)
2657;MS RETENTOR 15X22X4 - MS 661 MENOR;96400031560;35.08;;;STIHL MS 661
2656;MS RETENTOR DIN3760 BS17X32,9X3,6 - MS 661 MAIOR;96400031851;56.96;;;STIHL MS 661
3264;MS RETENTOR DO VIRABREQUIM 462;96400031560;41.12;;;STIHL MS 462
2137;MS ROLAMENTO VIRABREQUIM 651/661 17X41X14;95230034556;96.50;;;STIHL MS 661
2138;MS ROLAMENTO VIRABREQUIM 651/661 6203;95030036677;84.36;;;STIHL MS 661
337;MS ROLETE DO PINHÃO 3/8 7D MS 462/661/651;00006421223;40.25;;;STIHL MS 661
338;MS ROLETE DO PINHÃO 3/8 8D MS 462/661/651;00006421216;41.61;;;STIHL MS 661
2173;MS SEGURANÇA DA CORRENTE;11226507702;29.35;;;STIHL MS (modelo a definir)
1390;MS SEGURANÇA DA CORRENTE MS462;11426567700;7.60;;;STIHL MS (modelo a definir)
341;MS SEM FIM STIHL 462;11286407112;37.00;;;STIHL MS 462
1524;MS SEM FIM STIHL 651;1446407101;47.99;;;STIHL MS 651
499;MS SILENCIADOR 462;11421400600;89.00;;;STIHL MS 462
2866;MS TAMBOR DE EMBREAGEM 651/661;11221602900 / 11220071000;80.00;;;STIHL MS 661
4146;MS TAMPA DE ARRANQUE / 661;11440802102;698.36;;;STIHL MS 661
2229;MS TAMPA DO SABRE 651/661;11446401710;205.00;;;STIHL MS 661
495;MS TAMPA DO SABRE MS-462;11426401705;140.00;;;STIHL MS 462
396;MS TAMPA TANQUE GASOLINA;3500533;46.97;;;STIHL MS (modelo a definir)
4148;MS TRAVA DO ACELERADOR /MS 661;11411800800;56.23;;;STIHL MS 661
2865;MS TUBO DO PUNHO 651/661;11447901702;176.82;;;STIHL MS 661
1467;MS TUCHO PRISIONEIRO M8X10X21;;10.00;;;STIHL MS (modelo a definir)
1465;MS TUCHO PRISIONEIRO M8X12X28;;5.18;;;STIHL MS (modelo a definir)
1466;MS TUCHO PRISIONEIRO M8X14X26;;3.86;;;STIHL MS (modelo a definir)
492;MS VELA STIHL 462;00004007011;29.31;;;STIHL MS 462
1707;MS VELA STIHL 651;00004007000;22.00;;;STIHL MS 651
510;MSMOLA DE EMBREAGEM MS-462;9975609;5.37;;;STIHL MS 462
496;MSMOLA DE TRAÇÃO MS462;11421605500;18.00;;;
1464;MSPARAFUSO COM COLAR M8;6642417;16.40;;;
509;MSPARAFUSO IS-M4X8;90223130633;3.00;;;
808;MSR OLAMENTO 462;11420071002;55.00;;;
250;MSTAMBOR DE EMBREAGEM MS462/361/;11351602601;120.00;;;
857;MTB FILTRO DE AR MOTOR BOMBA;14000031;33.00;;;
1735;MULTIMETRO DIGITAL;ET-1002;125.00;;;
3114;MWM INTERRUPTOR DE PRESSÃO DO ÓLEO GERADOR;7005209C1E;40.00;;;
3115;MWM MANGUEIRA SUPERIOR RADIADOR GERADOR;920708610034E;34.00;;;
1261;NARCADOR INDUSTRIAL 2MM 60ML;NARCADOR;20.50;;;
3222;"NIVEL DE ALUMINIO 16""";60915;80.00;;;
3167;ÓLEO 20W50;20W50;25.00;;;
791;ÓLEO ATF IPIRANGA DH DEXRON;ATF;20.00;;;
159;ÓLEO CASTROL 2TEMP (500ML);8017H;30.80;;;
232;ÓLEO GREEN PARA BOMBA DE VÁCUO DE;DS702013;0.04;;;
1721;ÓLEO HIDRAULICO 68;68V;17.00;;;
224;ÓLEO HIDRÁULICO PARA COMPRESSORES PAG 100;PAG 100;180.00;;;
1062;ÓLEO IPIRANGA 85W140 20L;85W140;34.15;;;
214;ÓLEO IPIRANGA ULTRAGEAR GL-5 80W90;GL-5 80W90;50.23;;;
1026;ÓLEO MOBIL 80W 20L;80W;30.65;;;
329;ÓLEO MOBILUB HDA 85W-90 - 20 LITRO;85W90;28.50;;;
233;ÓLEO MONTREAL SINTÉTICO PARA REFRI;0001.1;0.04;;;
219;ÓLEO MOTOR F1 MASTER PROTECTION SA;SAE 20W50;32.00;;;
2488;ÓLEO PARA CAIXA DE CÂMBIO EATON;TRANSMISSÃO MÉDIA/PESADA;48.59;;;
3087;ÓLEO PARA COMPRESSOR ISO 150;ISO 150;24.00;;;
3383;ÓLEO PARA PNEUMATICAS;;32.67;;;
69;ÓLEO SAE 15W40 20L;3E-9848;21.15;;;
70;ÓLEO SAE 50 20L;7X-7858;17.50;;;
4170;ÓLEO SHELL HELIK 5W-30;5W-30;74.00;;;
220;ÓLEO SINTETICO 5W30 1L HILUX;5W30;41.05;;;TOYOTA HILUX
3081;ÓLEO VOLVO 75W80 GO102;75W80;30.00;;;
3082;ÓLEO VOLVO 85W-140;85W-140;30.00;;;
111;ÓLEO VOLVO PARA EIXO WB101;WB101;30.00;;;
3080;ÓLEO VOLVO WB102;WB102;30.00;;;
1665;OUTRO;;48.34;;;
3031;OUTRO;;220.00;;;
1179;PAPEL A4 ( RESMA );A4;24.00;;;
1417;PAPEL FILME PVC STRETCH 500MM X 25;2473;92.00;;;
380;PARAFUS0 22X98MM;22X98MM;20.97;;;
1856;PARAFUSO 06X20MM 8.8;06X20MM;0.50;;;
2097;PARAFUSO 06X30MM 8.8;06X30MM;0.75;;;
1857;PARAFUSO 06X40MM 8.8;06X40MM;0.85;;;
1859;PARAFUSO 06X60MM 8.8;06X60MM;1.25;;;
1858;PARAFUSO 06X80MM 8.8;06X80MM;4.75;;;
1861;PARAFUSO 08X20MM 8.8;08X20MM;1.55;;;
2096;PARAFUSO 08X30MM 8.8;08X30MM;0.75;;;
1860;PARAFUSO 08X40MM 8.8;08X40MM;1.95;;;
2095;PARAFUSO 08X50MM 8.8;08X50MM;1.26;;;
1862;PARAFUSO 08X60MM 8.8;08X60MM;2.15;;;
2094;PARAFUSO 08X80MM 8.8;08X70MM;2.31;;;
1863;PARAFUSO 08X80MM 8.8;08X80MM;2.55;;;
1866;PARAFUSO 10X100MM 8.8;10X100MM;4.90;;;
519;PARAFUSO 10X40MM 8.8;10X40MM;2.60;;;
2090;PARAFUSO 10X50MM 8.8;10X50MM;3.50;;;
1864;PARAFUSO 10X60MM 8.8;10X60MM;3.00;;;
1865;PARAFUSO 10X80MM 8.8;10X80MM;3.60;;;
2092;PARAFUSO 10X80MM 8.8;10X80MM;3.90;;;
1021;PARAFUSO 12X100MM 8.8;12X100MM;5.80;;;
1868;PARAFUSO 12X120MM 8.8;12X120MM;7.80;;;
2378;PARAFUSO 12X30MM 8.8;12X30MM 8.8;4.75;;;
521;PARAFUSO 12X40MM 8.8;12X40MM;5.00;;;
2093;PARAFUSO 12X50MM 8.8;12X50MM;3.98;;;
1733;PARAFUSO 12X60MM 8.8;12X60MM;3.90;;;
3372;PARAFUSO 14X110 (ROSCA 1,5) FLANGEADO;14X110 (ROSCA 1,5);20.75;;;
2125;PARAFUSO 16X170MM;16X170MM;29.50;;;
2126;PARAFUSO 16X70MM;16X70MM;14.58;;;
2127;PARAFUSO 16X90MM;16X90MM;17.32;;;
2395;PARAFUSO 18X60MM 8.8;18X60MM 8.8;8.50;;;
3041;PARAFUSO 18X90 10.9;18X90 10.9;15.00;;;
2128;PARAFUSO 20X90MM;20X90MM;0.00;;;
3042;PARAFUSO 24X180;24X180;25.00;;;
2129;PARAFUSO 5/8X1.1/2;5/8X1.1/2;10.45;;;
1731;PARAFUSO 6X50 AÇO 8.8;6MM;1.80;;;
3229;PARAFUSO DA CAIXA DE MARCHA 10X60MM COM PORCA;10X60MM;4.28;;;
4014;PARAFUSO DO DESLIZANTE DA MOLA;20X315MM FLANGEADO ROSCA 1.5;493.80;;;
4286;"PARAFUSO SEXTAVADO 1/2"" X 1.1/2"" 8.8";"1/2"" X 1.1/2"" 8.8";5.00;;;
4265;PARAFUSO SEXTAVADO DO TIRANTE 1725 18X150;ZM4070804;23.18;;;MB ATEGO 1725
1867;PARAFUSO12X80MM8.8;12X80MM;5.00;;;
514;PARAFUSO140X20MM AÇO 8.8 ROSCA 2.;140X20MM;10.00;;;
1872;PARAFUSO14X100MM 8.8;14X100MM;8.10;;;
1873;PARAFUSO14X120MM 8.8;14X120MM;9.90;;;
1869;PARAFUSO14X40MM 8.8;14X40MM;4.70;;;
1870;PARAFUSO14X60MM 8.8;14X60MM;5.30;;;
1871;PARAFUSO14X80MM 8.8;14X80MM;5.90;;;
1875;PARAFUSO16X100MM 8.8;16X100MM;10.40;;;
1874;PARAFUSO16X120MM 8.8;16X120MM;11.90;;;
528;PARAFUSO16X180MM 8.8;16X180MM;18.40;;;
1884;PARAFUSO16X40MM 8.8;16X40MM;5.50;;;
527;PARAFUSO16X65MM ROSCA 1.5 AÇO 10.;16X67MM;24.00;;;
1879;PARAFUSO18X100MM 8.8;18X100MM;15.00;;;
1878;PARAFUSO18X120MM 8.8;18X120MM;17.00;;;
1877;PARAFUSO18X180MM 8.8;18X180MM;23.00;;;
1692;PARAFUSO18X70MM AÇO 10.9;18X70MM;13.31;;;
1881;PARAFUSO22X150MM 8.8;22X150MM;40.00;;;
523;PARAFUSO40X14MM AÇO 8.8 ROSCA 2.0;40X14MM;4.34;;;
518;PARAFUSO40X16MM AÇO 8.8 ROSCA 13G;40X16MM;5.00;;;
1676;PARAFUSODO VOLANTE 16X65 ROSCA 1,;16X65 1,5;69.00;;;
522;PARAFUSOFLANGEADO 12X50MM AÇO 10.;12X50MM;4.00;;;
516;PARAFUSOLAMINA 20X120MM;20X120MM;12.00;;;
529;PARAFUSOLAMINA 8X2.1/4 RG;8X2.1/4 RG;4.00;;;
1887;PARAFUSOM20 FLANGEADO (MANCAL DA;20X270;40.00;;;
1777;PARAFUSOOCO M12 X ROSCA 1,5;12309;2.00;;;
535;PARAFUSORODA 18X80MM;18X80MM;11.50;;;
1520;PARAFUSORODA FORD F-4000;M18-1,5X81/9;20.97;;;FORD F-4000
1176;PASTA PROPRILENO TRANSPARENTE;;3.00;;;
3350;PEDRA ESMERIL;PEDRA;0.00;;;
1838;PEDRA PARA RETIFICA 20X20MM CILIND;A039;7.32;;;
1118;PIA INOX 1,20 MT 1 CUBA;PIA;362.00;;;
1117;PIA TIPO LAVATORIO;2500;83.00;;;
2369;PILHA AA ALCALINA;AA ALCALINA;8.51;;;
2370;PILHA AAA ALCALINA;AAA;5.50;;;
1191;"PINCEL 3""";PINCEL;18.30;;;
1174;PINCEL MARCADOR PERMANENTE;;9.98;;;
3102;"PINCEL 2"" 1/2";;11.30;;;
837;PINCEL ESCOLAR CHATO CABO LONGO N°;4216;4.00;;;
3259;PINO DE CENTRO 14X8 PRANCHA;;22.27;;;
1487;"PINO DE CENTRO 16X12""";;12.00;;;
2889;"PINO DE CENTRO 16X14""";"16X14""";14.00;;;
1363;PINO DE CENTRO 18X12 CABEÇA BAIXA;;62.36;;;
1995;PINO DE ENGATE DE AR ROSCA 16MM;PINO16MM;9.60;;;
4063;PINO ESFERICO SERVO DE EMBREAGEM AXOR 1933/2533/ATEGO 1725;6592950074;54.01;;;MB ATEGO 1725
1217;PINO FEIXE DE MOLA DIANTEIRO 2423K;PINO FEIXE D;36.97;;;
1200;PISTOLA DE ABASTECER BREMEN 3/4X1/2;3/4X1/2;230.00;;;
1403;PLASTICO P/ PLASTIFICAÇÃO (PCT C/;A4P;170.00;;;
783;PLUG FEMEA 2P+T 20A PRETA;18660;9.00;;;
2375;PLUG TOMADA MACHO;;7.70;;;
819;PNEU 1000-20 CONQUISTADOR TIPO CAM;1000-20;1916.48;;;
1407;PNEU 1100-22 SUPER CONQUISTADOR TIPO CAMARA 16PR;208072;2501.00;;;
4377;PNEU 265/65R17 A/T WL 112S RA1100;265/65R17;700.00;;;
2405;PNEU 275/80R22.5 ARMO MAX MSA MISTO;275/80R22.5;2949.00;;;
2404;PNEU 275/80R22.5 ARMO MAX MSD TRAÇÃO;275/80R22.5;3141.00;;;
2753;PNEU 295/80R 22.5 DPLUS TRAÇÃO AXOR;295/80R 22.5 DPLUS;1950.00;;;
821;PNEU 295/80R22 5 STEELMARK AGS 16PR JULIETAS;295/80R22 5;1390.00;;;
1546;PNEU 295/80R22.5 154/152K ARMOMAX MSA GEN-2 DIANTEIRA AXOR;;2884.00;;;
1579;PNEU 295/80R22.5 APOLO;;2350.00;;;
818;PNEU 295/80R22.5 KELLY MSD II 152/148K H TRASEIRA AXOR;KELLY MSD II 152/148K H;2796.44;;;
451;PNEU 30.5L32 LOGLUGII HD 26PR SEM CAMARA SKIDDER;270526;25216.00;;;
1611;PNEU CARRINHO DE MÃO 3,25X8;3,25X8;54.00;;;
3338;PNEU CARRINHO DE MÃO COM RODA DE FERRO;;280.00;;;
1561;PNEU DURABLE LT265/75R16 10PR 123/;265/75R16LT;875.00;;;
328;PNEU PAPALEGUAS 1100-22 G8 TIPO JULIETAS;11.00-22;1977.00;;;
2403;PNEU SUPER CONQUISTADOR 1000-20 BORRACHUDO;1000-20;2294.00;;;
4088;POLIA DA CORREIA TOYOTA HILUX 05/15;2063;415.00;;;TOYOTA HILUX
4121;POLIA DO COMPRESSOR DO AR CONDICIONADO PK;;578.00;;;
4263;PONTEIRA BIGORNA REBITADOR 3/8;K-A8204A191A;37.60;;;
4244;PONTEIRA DO CARDAN 16 ESTRIAS 35MM;PT1016;389.00;;;
3176;PORCA RODA OSCILANTE 22MMX1.50 CH32 ALTA;;6.75;;;
1364;PORCA SEXTAVADA 18MM;PORCA;6.95;;;
4084;PORCA SEXTAVADA GRAMPO;18MM;5.50;;;
2266;PORTA ELETRODO 1000A;1000A;119.90;;;
2764;PORTA ESCOVA MOTORDELCO 41MT 24V;10478898;125.00;;;
2757;PORTA FUSIVEL LAMINA;EG-7198;2.52;;;
1072;PRANCHETA;;5.71;;;
542;PREGO 1.1/2X13;1.1/2X13;18.00;;;
1110;PREGO 1X16 11X11 PARA PLAQUETA;1X16 11X11;25.00;;;
540;PREGO 2.1/2 2X10;2.1/2 2X10;21.75;;;
2310;PREGO 2X11 17X21;2X11 17X21;21.75;;;
541;PREGO 3.1/2X9;3.1/2X9;20.00;;;
277;PREGO 3X9 19X33;3X9 19X33;17.00;;;
1716;PREGO 5X4 23X54;5X4 23X54;27.40;;;
2311;PREGO PARA TELHA 18X27;PREGO PARA TELHA 500G;15.00;;;
2210;PRENDEDOR DE ROUPA (12UN);PR;3.50;;;
4216;PRESILHA FIXAÇÃO SUPERIOR DO FAROL AXOR;940.826.0013;17.00;;;
4012;PROTEÇÃO DE MÃO MS 661;11447909100;105.00;;;STIHL MS 661
614;PROTETOR CAMARA 1100R22 FURO CENTRAL;1100R22;47.77;;;
2199;PROTETOR DE CAMARA 25 CARREGADEIRA;CAMARA 25 CARREGADEIRA;322.50;;;
3062;PROTETOR DE CAMARA ARO 16 FURO CEN;ARO16;29.00;;;
388;PROTETOR DE CAMARA ARO 20 FURO CEN;1102;39.56;;;
1625;PROVETA GRADUAL 1000ML;PROVETA;111.00;;;
3182;PURIFICADOR DE AR 1725;1228.0310.5119;1472.00;;;MB ATEGO 1725
2282;RADIO COMUNICADOR PORTATIL INTELBRAS;RC 3002 G2;333.50;;;
1882;RATOEIRA COLA;RATOREIRA;5.00;;;
3363;REBITADEIRA MANUAL ALAVANCA;R450;184.00;;;
3362;REBITE ALUMINIO REPUXO 6.0;REPUXO 6.0;0.56;;;
937;REBITE PARA LONA DE FREIO CAMINHÃO;REBITE;0.28;;;
1284;REBITE PARA LONA DE FREIO JULIETA;10X14MM;0.11;;;
2397;RECARGA DE OXIGENIO;SERVIÇO;970.00;;;
2480;REDUTOR M16 X 1.5 X M22;M16 X 1.5 X M22;18.90;;;
1212;REFIL PARA PNEU SEM CAMARA 200MM -;351120;21.00;;;
2766;REFLETOR DE LED 100W;100W;35.00;;;
1224;REFLETOR LED 50W 6K BIVOLT;REFLETOR;58.00;;;
1124;REGISTRO ESFERICO SOLDAVEL DE 25 M;T-2;15.20;;;
2790;REGISTRO SOLDAVEL 32MM;32MM;29.00;;;
2051;REGUA DE ALUMINIO 30CM;30CM;7.00;;;
3220;REGULADOR DE PRESSÃO RI-13B 15KG/H PARA GLP E GAS NATURAL;FAMABRAS-21451901;347.00;;;
1288;REGULADOR DE PRESSÃO GLP 700;GLP;316.00;;;
3234;REGULADOR DE PRESSÃO PARA OXIGÊNIO;RO-200;350.00;;;
134;REGULADOR DE VOLTAGEM 28V;GA448;150.00;;;
1287;REGULADOR MANOMETRO DE PRESSÃO OXI;339.003;284.00;;;
2819;RELE AUXILIAR;DNI0116;17.00;;;
2821;RELE AUXILIAR;88RE212 / DNI0102;25.00;;;
2818;RELE AUXILIAR;DNI0240;24.00;;;
2820;RELE AUXILIAR;DNI0111;22.00;;;
2822;RELE AUXILIAR MINI;DNI0226;17.00;;;
4166;RELÉ MINI AUXILIAR 24V;DNI0228;35.25;;;
4162;RELE PISCA DE ALTA POTENCIA UNIVERSAL 12V-500W;DNI0412S4;25.98;;;
1773;RELE RPS-FF FALTA FASE 220V;6790;84.12;;;
3052;REMENDO A FRIO REM04;REM04;10.00;;;
3055;REMENDO DE PNEU SEM CAMARA COM HASTE;MIC08;10.00;;;
1101;REMENDO REFIL (PCT 5UN);;21.00;;;
4189;REPARO ROLETE DO PATIM DO FREIO;3074211874;48.00;;;
1144;RESPIRADOR PFF2 COM VALVOLA;CA 39236;0.99;;;
4125;RETENTOR 38X52X10,00;00479 BR;23.12;;;
4095;RETENTOR DIANTEIRO MOTOR MWM D229;92988560034;0.00;;;
4273;RETENTOR DO CUBO DE RODA TRASEIRO F4000 82.50X114.30X12.70MM;07375BY;62.66;;;FORD F-4000
4042;RETENTOR DO PINHÃO DO DIFERENCIAL EXTERNO;025556 / 02557;66.89;;;
4253;RETENTOR DO VIRABREQUIM COMPRESSOR PRESURE FF40WI;02844;80.00;;;
4100;RETENTOR PINHÃO DIFERENCIAL VOLVO L70 L90 L110 L120;4717576;259.13;;;VOLVO L90
1265;RETENTOR TRASEIRO VIRABREQUIM 115X;5155;223.71;;;
2252;RETIFICA PNEUMATICA CHR-25 VONDER;CHR-25;248.38;;;
2609;RODA DISCO 1100R22;1100X22;600.00;;;
3079;RODA DISCO 1100X22;1100X22;850.00;;;
820;RODA DISCO 22.5X8.25 10F PNEU 295;365078501;650.00;;;
1567;ROLAMENTO 6005-2RS;6005-2RS;30.80;;;
2835;ROLAMENTO 61815/C3;61815/C3;350.00;;;
4261;ROLAMENTO 6203-2RS-C3;00514 TIMKEN;38.85;;;
2811;ROLAMENTO 6204;6204;15.00;;;
2809;ROLAMENTO 6205-2RS-C3;6205-2RS-C3;15.00;;;
274;ROLAMENTO 6303-2R SKF;6303-2R;25.00;;;
81;ROLAMENTO 6304-2RS;6304-2RS;25.96;;;
271;ROLAMENTO 63042RSH SKF;63042RSH;30.00;;;
2810;ROLAMENTO 6306-2RS;6306-2RS;22.00;;;
270;ROLAMENTO 6307ZZ TIMKEN;6307ZZ;36.00;;;
1235;ROLAMENTO DIFERENCIAL AXOR 3344;31313-9X026;406.00;;;MB AXOR 3344
165;ROLAMENTO SKF 33215 130X75X41;33215;250.00;;;
110;SABRE 63CM 42D 3/8 DUR;3003-001-563;460.00;;;
2102;SACA FILTRO TIPO CORRENTE 2 ELOS;2ELOS;56.43;;;
3349;SACA TERMINAL DE DIREÇÃO PEQUENO;;462.00;;;
3397;SACA VALVULA CHAVE FENDA 18CM 5526 BREMEN;18CM 5526;3.83;;;
1684;SACO DE MAPA;557;50.00;;;
792;SACO ESTOPA PANO COSTURADO 20KG;TRAPO;147.00;;;
2002;SACO TRANSPARENTE 16X32X0,040;16X32X0,040;0.08;;;
2767;SELANTE PARA RADIADOR 200ML;SELANTE;10.00;;;
4190;SELO DUO-CONE COM DIÂMETRO EXTERNO;6T8439;0.00;;;
4167;SENSOR DE PRESSAO DO ÓLEO LUBRIFICANTE ALTOMOTIVO ALARME/0,5BAR;3-RHO 7700;199.00;;;
1394;SERRA DE SERRAR FERRO STARRET BIME;BS1232;9.90;;;
735;SERVO EMBREAGEM - WABCO;970 051 125;2667.00;;;
3347;SILICONE ACÉTICO 501 55G;501;21.00;;;
1691;SILICONE BRANCO MULT USO 270G;SILICONE;23.00;;;
2769;SILICONE SPRAY 300ML;SPRAY 300ML;16.00;;;
4195;SIRENE DE MARCHA RÉ 12/24V;DNI4027;41.75;;;
102;SIRENE DE RÉ UNIVERSAL AUT;884027;24.05;;;
226;SOLUÇÃO PARA BATERIA SÓ FILTROS 10;SOLUÇÃO;0.03;;;
346;SOLUPAN INTERCAP (AZUL) 1LT;SOLUPAN;9.41;;;
1271;SOPRADOR STIHL BG 86 C-E 1,1CV- 01;BG76C;1887.00;;;
4267;"SOQUETE CR-MO 1"" LONGO 33MM";"CR-MO 1"" 33MM";89.00;;;
4076;SOQUETE DE IMPACTO SEXTAVADO LONGO 27 1'';5739;112.00;;;
3156;SOQUETE FAROL LAMPADA H4;ETE7090B;2.21;;;
782;SOQUETE ILUMI 16101 PRETO C/RABICH;18656;3.61;;;
1928;SPD BOMBA DE IGNIÇÃO - BG86;42414001320;179.75;;;
1190;SPD CARBURADOR 4241/27 STIHL - BG;42411200627;219.00;;;
4103;SPD FILTRO DE AR SOPRADOR BG 86 STIHL;42411404404;55.00;;;
2666;SPD JOGO DE JUNTA DE VEDAÇÃO;41440071012;122.00;;;
4102;SPD TAMPA DA PARTIDA COMPLETA SOPRADOR BG 86;42410802107;160.00;;;
3112;SUPORTE PARA VIDEA 16 - 20 X 20 PARA DESBASTE;;160.00;;;
1845;SUPORTE PARA VIDEIA EXTERNO;MTJNR 2020 K;220.00;;;
1450;SUPORTE PAREDE EXTINTOR ABC 4KG;;10.00;;;
1449;SUPORTE VEICULAR EXTINTOR ABC 4KG;;60.00;;;
3107;TALHA 0,50 TON 5 MTS ELEVAÇÃO;,50 TON 5 MTS;884.00;;;
3139;TALHA MANUAL 2 TONELADAS;;450.00;;;
4052;TAMPA DO ARREFECIMENTO PRETO MB 2368 91A00;10335;0.00;;;
4051;TAMPA DO RADIADOR MB 1113/1317...;LBS 60868A84;28.89;;;
1809;TECNIL 130X80;TNI1300801;1869.00;;;
2263;TECNIL 40MMX1MT;40MMX1MT;37.96;;;
2262;TECNIL 70MMX1MT;70MMX1MT;68.00;;;
3040;TEE ESGOTE 100MM 90º;100MM 90º;16.00;;;
2773;TEE ESGOTE 50MM 90º;TEE;4.90;;;
2782;TEE SALDAVEL DE 25MM;25MM;12.00;;;
2786;TEE SALDAVEL DE 32MM;32MM;7.00;;;
2779;TEE SALDAVEL DE 40MM;40MM;12.50;;;
1125;TEE SALDAVEL DE 60MM;T524;45.00;;;
2784;TEE SOLDAVEL COM ROSCA 25MM X 1/2'';25X1/2;12.00;;;
2785;TEE SOLDAVEL COM ROSCA 20MM X 1/2'';20MM X 1/2'';10.00;;;
2316;TELHA BRASILIT FIBROTEX;BRASILIT FIBROTEX;29.87;;;
711;TERMINAL ALAVANCA CÂMBIO;P03041;118.00;;;
804;TERMINAL DE BATERIA SAPÃO;20694;13.50;;;
2807;TERMINAL DE DIREÇÃO DIR. M30X1.5 AXOR;ZL2049;185.00;;;
716;TERMINAL FEMEA 85X14MM ROSCA 1.5;56769021;150.00;;;
4246;"TERMINAL HIDRÁULICO 1"" 90° PRENSAVEL FLANGE";;116.00;;;
3106;TERMOMETRO DE PETROLEO;;240.00;;;
4193;TERMOSTATO CONTROLE DE TEMPERATURA 20°C A 120°C;WY120-653-21H;142.00;;;
1374;TERMOSTATO DE REFRIGERAÇÃO BEBEDOU;0144123/4260;95.00;;;
750;TERMOSTATO DE REFRIGERAÇÃO RC33647;DI715003;95.00;;;
4113;TERMOSTATO ROTATIVO UNIVERSAL;DS715005 / RC34867-1;74.90;;;
1193;"TESOURA 10""";;80.56;;;
teste1;TESTE;;1.00;;;
2762;TESTE 1;1;1.00;;;
teste2;TESTE2;;1.00;;;
1202;THINNER 900ML;;16.00;;;
2956;TIGERCAT ATUADOR HIDRAULICO DO VENTILADOR 630H;219361;2500.00;;;TIGERCAT 630H
2646;TIGERCAT BUCHA DO TRAVAMENTO DA CABINE - 630H;BH397;2010.00;;;TIGERCAT 630H
2957;TIGERCAT CALÇO;35230A;15.00;;;TIGERCAT 630H
2179;TIGERCAT CHICOTE DO BANCO;96424B;3197.46;;;TIGERCAT 630H
2644;TIGERCAT CORREIA 8PK1620 - 630H;8PK1620;74.82;;;MB 1620
1951;TIGERCAT DISPLAY MODULO - 630H;20077771;32000.00;;;TIGERCAT 630H
53;TIGERCAT ELEMENTO DO FILTRO SEPARADOR COMBUSTIVEL;213473;538.15;;;TIGERCAT 630H
2178;TIGERCAT FILTRO STRANER;AY059 / P165876;1041.75;;;TIGERCAT 630H
2953;TIGERCAT FILTRO AR CONDICIONADO;900129;250.00;;;TIGERCAT 630H
1709;TIGERCAT FILTRO DE AR CONDICIONADO;2S-E1;72.00;;;TIGERCAT 630H
2697;TIGERCAT FILTRO DE AR DE CABINE;321005;150.00;;;TIGERCAT 630H
67;TIGERCAT FILTRO DE AR PRIMARIO - 630H;100859 / P532503;278.80;;;TIGERCAT 630H
68;TIGERCAT FILTRO DE AR SECUNDARIO - 630H;100860 / P532504;526.10;;;TIGERCAT 630H
419;TIGERCAT FILTRO DE COMBUSTIVEL;P550881;146.00;;;TIGERCAT 630H
2489;TIGERCAT FILTRO DE COMBUSTÍVEL;P551329;79.00;;;TIGERCAT 630H
66;TIGERCAT FILTRO DE COMBUSTIVEL;BH810-1;463.84;;;TIGERCAT 630H
71;TIGERCAT FILTRO DE ÓLEO DO MOTOR 630H;211556 / P551100 / W950/26;86.00;;;TIGERCAT 630H
54;TIGERCAT FILTRO DO ARLA BH908 630H;BH908;448.68;;;TIGERCAT 630H
1601;TIGERCAT FILTRO HIDRAULICO;AY066;340.00;;;TIGERCAT 630H
1615;TIGERCAT FILTRO HIDRAULICO - 630H;AY003 / P550251;189.90;;;TIGERCAT 630H
1681;TIGERCAT FILTRO HIDRAULICO - 630H;P164381;318.00;;;TIGERCAT 630H
1722;TIGERCAT FILTRO HIDRAULICO - 630H;HF6710;154.00;;;TIGERCAT 630H
2648;TIGERCAT FILTRO HIDRAULICO - 630H;AY075 / P165338;269.00;;;TIGERCAT 630H
2647;TIGERCAT FILTRO HIDRAULICO (FILTRO AZUL) - 630H;AY052 / P165762;319.00;;;TIGERCAT 630H
2250;TIGERCAT FILTRO SECADOR 630H;BR058;2050.00;;;TIGERCAT 630H
2451;TIGERCAT JOYSTICK CONTROLE DA GARRA - 630H;AH242;19047.00;;;TIGERCAT 630H
2645;TIGERCAT KIT REPARO DA GARRAFA DE DIREÇÃO - 630H;21057A;1545.00;;;TIGERCAT 630H
2958;TIGERCAT MANGUEIRA;211950;250.00;;;TIGERCAT 630H
2177;TIGERCAT RELE;211882;397.14;;;TIGERCAT 630H
2966;TIGERCAT RELE;211882;56.00;;;TIGERCAT 630H
2705;TIGERCAT REPARO DA GARRAFA DE ELEVAÇÃO 630H;53299A;3491.64;;;TIGERCAT 630H
2176;TIGERCAT REPARO DO CILINDRO 630;53299A;3320.18;;;TIGERCAT 630H
2175;TIGERCAT RESISTOR 630;AM872;202.75;;;TIGERCAT 630H
2134;TIGERCAT SENSOR DE PRESSÃO 630;AK232;2283.30;;;TIGERCAT 630H
2678;TIGERCAT SUPORTE DE BORRACHA - 630H;BH118;317.78;;;TIGERCAT 630H
2955;TIGERCAT VALVULA DE CONTROLE DE AGUA;4460913080;1300.00;;;TIGERCAT 630H
2963;TIGERCAT VALVULA DO FILTRO;203888;80.00;;;TIGERCAT 630H
862;TINTA ESMALTE SITETICO PLATINA 3,6;51151;190.00;;;
4204;TINTA PRETO BRILHANTE;TINTA PRETA;100.00;;;
1742;TINTA SPRAY BRANCO 350ML;SPRAY BRANCO;24.00;;;
117;TNT AZUL;;85.00;;;
118;TNT VERMELHO;;85.00;;;
2362;TOMADA + PLUG INDUSTRIAL 2P+T 32A 250V 6H;2P+T 32A 250V 6H;100.00;;;
2361;TOMADA ELETRICA 110/220V;;14.00;;;
1189;TONER COMPATIVEL BROTHER HL 1202;TN1060;85.00;;;
1228;TONER COMPATIVEL HP LASERJET PRO 1;BQ285A;65.00;;;
1120;TORN.TIGRE BC/CRM CROSS TANQUE 15CM C/BICO;1159;40.60;;;
1119;TORNEIRA LAVATORIO DE 1/2 - 20MM;PP;16.90;;;
1272;"TORNO BANCADA 8""";MR8;590.00;;;
2454;"TORNO DE BANCADA (MORSA) 8""";;372.00;;;
1415;TRAPO PANO COSTURADO 20KG;ESTOPA;144.80;;;
4069;TRAVA ARANHA DO EIXO BLOQUEIO SAIDA 60MM;60MM;6.38;;;
119;TRENA 10M;;22.90;;;
120;TRENA 20M;;33.50;;;
2834;TRENA 30M;;35.00;;;
449;TRENA 5MT;;18.90;;;
836;TRENA AÇO 3MT;14192107;10.49;;;
3103;TRENA DE BOLSO TRAMONT 10M;43156/310;89.15;;;
669;TUBO AR NYLON 10MM;10MM;4.99;;;
670;TUBO AR NYLON 12MM;12MM;11.00;;;
4046;TUBO AR NYLON 14MM;14MM;5.90;;;
4047;TUBO AR NYLON 16MM;16MM;6.50;;;
1360;TUBO AR NYLON 6MM;;2.10;;;
668;TUBO AR NYLON 8MM;08MM;3.50;;;
4202;TUBO INJETOR 6° CILINDRO D6;4P9386;145.00;;;CAT D6
1122;TUBO PARA ESGOTO 100MM;11031030;97.20;;;
1123;TUBO PARA CAIXA DE DESC. CURTO C/C;791;24.40;;;
2005;"TUBO REDONDO 4"" CH14";CH14;47.78;;;
1121;TUBO SOLD. 20MM TIGRE;101220;27.25;;;
785;TUBO SOLD.25MM TIGRE;11472;31.40;;;
2696;TUBULAÇÃO – INJEÇÃO DE COMBUSTÍVEL (CYL NO. 6) - D6N;336-8179;803.00;;;CAT D6N
4192;VADANTE LIQUIDO (VEDA ESCAPE);TEK BOND 204;26.30;;;
2136;VALVULA 6VIAS 2423K;81630150;508.00;;;
1289;VALVULA CORTA CHAMAS MAÇARICO E OX;344.0004;74.00;;;
1320;"VALVULA DE BLOQUEIO TIC TAC 1/4"" X";7001;44.61;;;
894;VALVULA DE EXPANSÃO;DS400050;65.00;;;
4196;VALVULA EXPANSÃO BLOQUE HILUX SW4 2.7/3.0 2012 A 2015 - DENSO;AA4475004221RC;150.00;;;TOYOTA HILUX
3061;VALVULA PARA CAMARA DE AR;TR218A;20.00;;;
3058;VALVULA PARA PNEU SEM CAMARA;TR618A;19.00;;;
1102;VALVULA PNEUS S/ CAMARA 85MM P/CAM;5502;11.00;;;
1103;VASELINA 3 KGS ECONÔMICA LB/PEGASUS;;79.92;;;
1116;VEDA ROSCA 25M;VEDA ROSCA;7.94;;;
4099;VEDAÇÃO DO EIXO PLANETÁRIO - VOLVO;12743377;0.00;;;
1883;VENENO PARA MATO;VENENO;60.00;;;
1168;VENTILADOR DE PAREDE 50 CM;79-5423;303.13;;;
1306;VENTOINHA HELICE VENTILADOR FORD-F250/F350/F400 3.9L;XC358600CA;185.00;;;FORD F-4000
1768;VERGALHÃO 3/4 20MM CA 50 6MT;6215;200.88;;;
1844;VIDEA PASTILHA;160408;350.00;;;
3088;VISOR DE ÓLEO DO COMPRESSOR 3/4;;31.60;;;
4361;VOLVO AMORTECEDOR DO ASSENTO L60F L90F;11707351;191.69;;;VOLVO L90F
4145;VOLVO ANEL DE VEDAÇÃO;958228;1.50;;;VOLVO (modelo a definir)
4150;VOLVO ANEL DE VEDAÇAO DA GARRAFA DE INCLINAÇAO / L90F;13960248;123.25;;;VOLVO L90F
4133;VOLVO ANEL DE VEDAÇÃO DO CILINDRO HIDRÁULICO;4833023;180.00;;;VOLVO (modelo a definir)
4156;VOLVO ANEL DE VEDAÇAO TAMPA TANQUE HIDRAULICO / L90F;17474496;95.25;;;VOLVO L90F
4231;VOLVO ANEL DE VEDAÇÃO UNITÁRIO;11048020;144.00;;;VOLVO (modelo a definir)
4124;VOLVO BLOCO SUPORTE / L90F;7228678 / 24585696;6420.00;;;VOLVO L90F
4138;VOLVO BUJÃO DO REFRIGERADOR DE ÓLEO L60 , L90;20459191;135.00;;;VOLVO L90
4152;VOLVO CALÇO DA ARTICULAÇÃO CENTRAL / L90F;4932876;35.26;;;VOLVO L90F
4151;VOLVO CALÇO DE AJUSTE DO PLANETARIO 0,35 / L90F;11173078;35.25;;;VOLVO L90F
4153;VOLVO CALÇO DE AJUSTE DO PLANETÁRIO 1,0M / L90F;11173077;23.35;;;VOLVO L90F
4236;VOLVO CORREIA DO AR CONDICIONADO;977525;106.00;;;VOLVO (modelo a definir)
4270;VOLVO CORREIA EM V NERVURADA L90H;VOE20412527;1145.00;;;VOLVO L90H
4039;VOLVO FILTRO ACUMULADOR L60 0,5;VOE17258319;1200.00;;;VOLVO L60
4183;VOLVO FILTRO DE AR CILINDRICO 65MM;11707077;60.00;;;VOLVO (modelo a definir)
4037;VOLVO FILTRO DE AR DO MOTO INT;P778906;182.32;;;VOLVO (modelo a definir)
4036;VOLVO FILTRO DE AR DO MOTOR EXT;P778905;325.98;;;VOLVO (modelo a definir)
4347;VOLVO FILTRO DE AR PRIMARIO L90H;17500251;1438.00;;;VOLVO L90H
4184;VOLVO FILTRO DE COMBUSTIVEL L90F;54864261;462.00;;;VOLVO L90F
4060;VOLVO FILTRO DIESEL L-90;11110683;0.00;;;VOLVO (modelo a definir)
4021;VOLVO FILTRO DIESEL L90F / L60F /;P550372 / 54315408;98.36;;;VOLVO L90F
4020;VOLVO FILTRO LUBRIFICANTE L90 F/ L60 F / L90 H;17535679 / P553771;187.98;;;VOLVO L90
4287;VOLVO FILTRO ÓLEO HIDRÁULICO L90F;17410282;436.00;;;VOLVO L90F
4022;VOLVO FILTRO RACOR L90F/190H/L60F;WK1080/7X;98.35;;;VOLVO L90F
4134;VOLVO JOGO DE REPARO DA MANDIBULA / L90H;31Y134790;238.98;;;VOLVO L90H
4135;VOLVO JOGO REPARO DA GARRAFA DE INCLINAÇÃO / L90F;8011709832 UNITEC;179.89;;;VOLVO L90F
4131;VOLVO JUNTA DA TAMPA DO MOTOR L90;24349251;1276.00;;;VOLVO L90
4129;VOLVO MANGUEIRA DE LUBRIFICAÇÃO DO CARDAN / L90F;15054683;250.00;;;VOLVO L90F
4143;VOLVO NIP DE REDUÇAO DA MANGUEIRA DE LUBRIFICAÇAO DO CARDAN / L90F;11027540;43.25;;;VOLVO L90F
4154;VOLVO PENEIRA DO TANQUE DIESEL /L-90F;PENEIRA;85.25;;;VOLVO (modelo a definir)
4132;VOLVO REPARO DA MANDIBULA / L90F;12709109;253.36;;;VOLVO L90F
4290;VOLVO RETENTOR DA ARTICULAÇÃO CENTRAL L60F;16875632;32.81;;;VOLVO L60F
4149;VOLVO RETENTOR DA BALANÇA / L90F;11168067;552.36;;;VOLVO L90F
4081;VOLVO RETENTOR DE RODA DIANTEIRA L110H;53654172;1407.00;;;VOLVO L110H
4250;VOLVO RETENTOR RODA TRASEIRA E DIANTEIRA L90H L90F / RODA TRASEIRA L110H;53654220;2755.00;;;VOLVO L90H
4141;VOLVO RETENTOR VIRABREQUIM DIANTEIRO;21496591;78.90;;;VOLVO (modelo a definir)
4357;VOLVO ROLAMENTO DO CUBO DE RODA L90H;TIMKEN NP973170;642.00;;;VOLVO L90H
4136;VOLVO ROTULA ESFÉRICA DO CILINDRO L90;54216530;350.00;;;VOLVO L90
4139;VOLVO SENSOR DE TEMPERATURA / L90F L60;15153124;325.36;;;VOLVO L90F
4142;VOLVO SENSOR DO AR-CONDICIONADO / L90F;16688307;998.00;;;VOLVO L90F
4140;VOLVO SENSOR RESERVATORIO AGUA / L90F;;156.69;;;VOLVO L90F
2937;VOLVO TURBINA L110F;53271013082;1500.00;;;VOLVO L110F
3048;VULCANITE 0.8MM 1KG;;40.00;;;
2189;VW 4ª MOLA DIANTEIRA 13.190;04A;286.00;;;VW 13.190
1834;VW AMORTECEDOR DO BANCO 13.190;2R2881311A;689.84;;;VW 13.190
2801;VW BUCHA DA CABINE DIANTEIRA 13.190;R-1205;103.00;;;VW 13.190
1824;VW BUCHA MOLA DA SUSPENSÃO TRASEIRA;22055;40.66;;;VW 13.190
1827;VW BUCHA MOLA SUSPENSÃO DIANTEIRA PARTE TRASEIRA;25200;108.65;;;VW 13.190
2196;VW CANO INJETOR 4º CILINDRO COM ABRAÇADEIRA 13.190;07W130305;330.00;;;VW 13.190
3133;VW CONECTOR COM 2 VIAS PARA VLVULA MPROP 13.190 WORKER;;34.00;;;VW 13.190
3132;VW CONECTOR DO SENSOR DE PRESSÃO DO RAIL 13.190 WORKER;AT1112;42.00;;;VW 13.190
3213;VW COXIM ARTICULAÇÃO DA CABINE 13.190;R-277;102.00;;;VW 13.190
2799;VW COXIM TRASEIRO DA SUSSPENSÃO DA CABINE 13.190;R-209;58.00;;;VW 13.190
1157;VW FILTRO DE AR PRIMARIO 13.190;C21470;138.00;;;VW 13.190
1158;VW FILTRO DE AR SECUNDARIO CF 12 4;CF12430;70.75;;;VW 13.190
31;VW FILTRO DE COMBUSTIVEL PU 1059X;PU 1059X;98.00;;;VW 13.190
423;VW FILTRO DE ÓLEO LUBRIFICANTE;P558615;68.00;;;VW 13.190
29;VW FILTRO DE ÓLEO LUBRIFICANTE - 13190;HU 951X;60.00;;;VW 13.190
2763;VW INDUZIDO DO MOTOR DE PARTIDA 13.190;ZEN 24018;402.00;;;VW 13.190
2768;VW LANTERNA TRASEIRA 13.190;PL04822207;143.00;;;VW 13.190
3064;VW LONA 814TXX 13.190;814TXX;25.00;;;VW 13.190
2967;VW MANGUEIRA HIDRAULICA CILINDRO DE EMBREAGEM / RESERVATORIO;2P0721453;75.00;;;VW 13.190
3214;VW MANGUEIRA INFERIOR DO RADIADOR 13.190;MM3645;140.00;;;VW 13.190
2970;VW MANGUEIRA SUPERIOR DO RADIADOR 13.190;2T2121101T;120.00;;;VW 13.190
3020;VW MEDIDOR DA BOIA DO TANQUE 275L 13.190 WORKER;JSW9410;127.37;;;VW 13.190
1294;VW MOTOR DE PARTIDA - 13.190;ZEN 35012;2800.00;;;VW 13.190
974;VW ROLAMENTO RODA TRASEIRA/DIANTEI 13.190;3585/3525/Q;131.00;;;VW 13.190
973;VW ROLAMENTOC RODA TRASEIRA/DIANTE 13.190;39581/39520/;292.02;;;VW 13.190
1356;VW SENSOR DE PRESSÃO DA TURBINA - 13.190 WORKER;281002655;294.00;;;VW 13.190
3131;VW SENSOR DE PRESSÃO DO RAIL 13.190 WORKER;0281002930;414.00;;;VW 13.190
1820;VW SENSOR DE PRESSÃO TUBO - 13.190 EORKER;07W130758;352.00;;;VW 13.190
2087;VW SENSOR DE TEMPERATURA - 13.190 WORKER;07W906529D;117.17;;;VW 13.190
2813;VW SENSOR DO BALÃO 13.190;7730 3-RHO;150.00;;;VW 13.190
77;VW SUPORTE DE MOLA TRASEIRA PARTE;132137;210.57;;;VW 13.190
3125;VW TUBO INJETOR 1A E 2A CILINDRO 13.190 WORKER;07W130303;1100.00;;;VW 13.190
3126;VW TUBO INJETOR 3A E 4A CILINDRO 19.190 WORKER;07W130305;900.00;;;VW 13.190
2913;VW VALVULA DISTRIBUIDORA;81631970;680.00;;;VW 13.190
3130;VW VALVULA REGULADORA DE PRESSÃO MPROP 13.190 WORKER;0928400761;219.00;;;VW 13.190
1822;VWBORRACHA VEDAÇÃO DA PORTA 13.19;52562;88.07;;;
1814;VWCABO DE COMANDO DE CAMBIO 13.19;51806;877.73;;;
860;VWCHAVE SETA / DIRECIONAL 13.190;30342;89.00;;;VW 13.190
1573;VWCHICOTE UNIDADE - 13.190;07W-971-082-;623.60;;;VW 13.190
685;VWCOXIM DE CABINE DIANTEIRO BI PA;29496;100.73;;;
1818;VWCOXIM LATERAL RADIADOR 13.190;R-1215;119.65;;;VW 13.190
1825;VWCOXIM TRASEIRO DA CABINE 13.190;5205;148.13;;;VW 13.190
30;VWFILTRO DE COMBUSTÍVEL SEPARADOR;WK 10002/1X;140.00;;;
1821;VWJOGO DE CANALETAS DA PORTA 13.1;77292;249.85;;;
1577;VWJUNTA TAMPA DE VALVULA 4 CILIND;661711;230.00;;;
1953;VWKIT EMBREAGEM 395MM COM GARFO -;125699;3223.00;;;
655;VWLANTERNA LATERAL 13.190;PL06980001;18.25;;;VW 13.190
1817;VWLANTERNA TETO EXTERNO 13.190;24-220;33.50;;;VW 13.190
1826;VWPINO DO JUMELO TRASEIRO 13.190;81580;17.80;;;VW 13.190
975;VWRETENTOR DA RODA TRASEIRA 13.19;02485 BY;62.04;;;
551;VWROLAMENTO CARDAN 45MM 13.190;45-951CR;130.00;;;VW 13.190
859;VWSENSOR DE FREIO 12MM 2 TERMINAI;11880;75.00;;;
1952;VWSERVO DE EMBREAGEM - 13.190;9700510170;1237.00;;;VW 13.190
1823;VWSUPORTE RETROVISOR 13.190;285421PR;271.06;;;VW 13.190
1911;VWTAMPA DO RADIADOR - 13.190;TC-7099;20.00;;;VW 13.190
1819;VWTAMPA RADIADOR 13.190;T75121484;13.74;;;VW 13.190
1815;VWTUBO BCO INJETOR ALTA PRESÃO 13;07W142423;156.92;;;
1816;VWTUBO DAGUA INTERNO TERMOSTATO/B;07W121133A;63.70;;;
1954;VWVOLANTE DE EMBREAGEM MOTOR MANN;46-35-1302;974.77;;;
2050;XADREZ LIQUIDO;XADREZ;6.00;;;
1720;XAJHSDJKAVBS;07290 BRAGF;120.97;;;
447;XXXXXXXX;;140.00;;;
Totais;92229.62;2382297.9000000022;0.00;;;
